date,precip_netcdf,temp_netcdf,precip_spatial_mean,precip_spatial_std
2012-01-01,1.9296892461844344,7.728531623112779,3.8383650272279346,2.4405003545403376
2012-01-02,1.6772186429656886,12.00200782950381,4.1133405500148195,2.6354310343379153
2012-01-03,9.156582318623249,15.830104253400313,3.962144302348601,3.0089152225328912
2012-01-04,2.1822758842624586,15.035841406943604,3.9462769306329553,2.893768763207712
2012-01-05,0.7006273882571623,14.14420241225893,3.9738374648650074,2.382114428776243
2012-01-06,1.033626349220181,21.077989132783884,4.475069140583278,2.8300359691485486
2012-01-07,1.163119356630518,12.627421371024354,4.4274371170896165,3.1006191389309175
2012-01-08,2.8735059863588543,17.497630341341274,3.713640416071325,2.5797807370387895
2012-01-09,15.262103172645958,18.06881652525573,4.2944453674672625,3.21561404669965
2012-01-10,4.48820112222989,13.595767349900813,4.454049005991773,2.708537657293798
2012-01-11,7.962652921914019,14.452862129397879,3.869003697932172,2.425415642627012
2012-01-12,1.5582786721050403,11.268819770867987,3.8443868931340126,2.343291606756002
2012-01-13,0.3953445338394307,16.980637141352553,3.7626184166301146,2.597015718241106
2012-01-14,1.1606666955451852,16.66872715047105,4.01960273463091,2.9373194668881917
2012-01-15,6.0389046177367005,16.822872014547926,4.236314700855026,2.9575558762871967
2012-01-16,0.7205346408076118,16.442116552435007,3.9521056115415636,2.7527587548044123
2012-01-17,2.145570847788056,18.429178241842205,4.0984997704875505,3.4529663161579576
2012-01-18,1.5128294474950463,13.655818162878102,3.9926106154692933,2.7498766162413775
2012-01-19,9.35390776693233,21.100817169906477,4.556799298863752,3.125163949400711
2012-01-20,4.553573050913807,14.96855152760691,4.31107311873631,3.209067511231775
2012-01-21,6.876628209401767,23.03398058509636,4.092673344604506,3.052201696447529
2012-01-22,0.7892853902407309,25.06805609173302,4.165760240602308,2.5693941432270293
2012-01-23,4.1076431713802535,17.72913228890564,3.942537149590416,2.6577545950286114
2012-01-24,3.1353951933175734,20.97612024911256,3.6292996335719767,2.445968734354095
2012-01-25,2.099492484439741,17.554372760232972,4.091481808524076,2.4593556636077114
2012-01-26,6.387073400283867,20.309361132557434,3.6570877344069226,2.43550177108571
2012-01-27,2.604877603993242,19.390978286667412,4.107914789168373,2.965028665316457
2012-01-28,3.0248951643485333,18.148010947927418,4.232564107109333,3.1754370876134903
2012-01-29,1.904832540416239,18.896112273210644,3.687668719201734,2.593999903416653
2012-01-30,3.9279146249277974,16.958539103234425,3.543994555058623,2.5045219713740012
2012-01-31,3.778902305072581,16.02399318533824,3.8765409790564487,2.4985724445105
2012-02-01,2.5263563471271326,17.858743228171413,3.9017388043911514,2.7440710045620205
2012-02-02,1.9469192809065758,22.33314551500957,4.022764037309635,2.978535843858996
2012-02-03,5.128376572529855,21.420964140339283,4.390905238299896,3.078686356332031
2012-02-04,2.479957301922584,14.561567436032025,4.130439377822219,2.9307436039698103
2012-02-05,3.085887098976052,22.590467198928824,3.7846496948881505,2.8762304857912318
2012-02-06,8.750657960923823,22.441279190427533,3.688497973762617,2.5024242684606453
2012-02-07,4.519398271184495,17.895347129913596,4.0030582352370745,3.0135960546530414
2012-02-08,3.590533947865624,21.139936094901316,4.411994122304909,3.3979298810630563
2012-02-09,3.4226081249472915,27.29548055289497,3.866786063410846,2.458505097324805
2012-02-10,2.253849232840059,24.919509627756337,3.9784944733990453,2.745406937464819
2012-02-11,2.7346198304803933,19.550436560195187,3.3542466949889724,2.384918164057079
2012-02-12,6.047690210170182,23.705776438826184,4.164771870968951,2.5328693722743063
2012-02-13,1.1029634472376886,19.810627707220707,4.183781471076204,3.020225416384108
2012-02-14,0.7637513282695627,26.534508871735177,3.958781459906841,3.036213455254236
2012-02-15,3.3852284617398065,19.611068144730954,4.683723772428789,3.594683969714012
2012-02-16,1.9445674382818554,22.29216373956477,4.077333067470204,2.896210514820993
2012-02-17,3.3024521811415846,23.15583987789474,4.424549151738776,2.893505003399958
2012-02-18,3.4992780760943774,20.969493775828145,3.793549615307305,2.1676698642273307
2012-02-19,3.2027853314682218,22.49633403012487,4.064781590404538,2.708658929163537
2012-02-20,5.383406255999421,25.088836383156966,4.411600958867074,3.1280374694752573
2012-02-21,2.81480405378135,21.5817012230226,3.7306471360583298,2.4951724239382784
2012-02-22,7.448994301907263,19.8869430991996,4.3203950000166325,2.8415708503442634
2012-02-23,9.19082682307927,20.304797922713156,3.862483933892372,2.1666304818158815
2012-02-24,3.0721494261923388,21.817669118683042,4.033699466547392,2.593764548829672
2012-02-25,4.424973891827023,19.003077803004395,3.8939926501752296,2.638299039683724
2012-02-26,2.851297984962351,29.922129470972877,3.9982101339953444,2.6606170343784035
2012-02-27,7.680436612697745,19.859382301127575,3.534122900396623,2.630680108761863
2012-02-28,2.4971296681962203,20.443315863053343,3.9259875034193685,3.2796426750380063
2012-02-29,6.1474085608182945,22.862024710939515,4.059985031889772,2.8797023703416156
2012-03-01,3.905422919897241,23.359305281972134,4.007283586158595,2.7228916171138433
2012-03-02,2.386378161624844,22.115876100983257,3.9710572476501635,2.8260518616834096
2012-03-03,8.081897475811887,21.16915392317793,3.739440482053178,2.400374765254493
2012-03-04,1.1484174546607477,23.199615076738084,4.083181795814701,3.062117825337923
2012-03-05,1.26417721228254,22.77309134612298,3.9158961209570724,3.0394914641789113
2012-03-06,11.338719204334618,22.321161536423283,4.049552221420191,2.956128112995127
2012-03-07,4.6142763205731265,27.68808201605445,4.034982606230451,2.6981309647228002
2012-03-08,3.564949433677412,26.980597407404918,4.019273204528411,3.017274934480086
2012-03-09,3.7740425425548674,20.19392025350475,3.309275906011861,2.140678469031301
2012-03-10,2.8595255709567216,25.38579387704622,3.654419205719892,2.5077038175961266
2012-03-11,4.892635458202141,24.101605268807944,3.9334224760867205,2.7110024889583073
2012-03-12,4.912653437215052,21.972362759792286,4.169907727618162,3.5018546633421717
2012-03-13,4.762237393947583,23.298251314658078,4.653389324318236,3.068359756455793
2012-03-14,4.351977126399046,20.130607472636463,3.880022746307974,2.503246881938881
2012-03-15,1.0179157346457586,27.346897264095347,4.702605928598306,3.1923196467229045
2012-03-16,0.779219579516154,22.114191928640622,4.295246638370575,2.736854384207304
2012-03-17,4.3181248046035146,20.21837856069182,4.105808915088105,2.9587754520018144
2012-03-18,8.218895995388673,27.054669499044557,4.137112591227025,3.181269902776982
2012-03-19,5.8920560241257585,23.36067792408331,4.137586850455361,2.7150535347636824
2012-03-20,5.401502485453052,24.706642246534308,3.575530667940293,2.338010285080137
2012-03-21,1.2625619953049503,24.138980288337986,4.010554731632966,2.726832767634376
2012-03-22,6.222695274475487,24.998123130651138,3.7103342779736677,2.205753419614393
2012-03-23,4.458033507565123,21.20219579236574,4.250193054422112,3.0573265251661095
2012-03-24,4.940648178433639,20.03327929113453,4.17970952134537,2.9926074090884263
2012-03-25,3.312903688291187,21.648737810816975,4.072833699104985,2.6661812190444847
2012-03-26,0.7574797700508521,24.892343694836878,4.032798961999087,2.7264031017190784
2012-03-27,5.697607423762812,27.657851072401296,3.830465242705151,3.0754860599906158
2012-03-28,2.18711722057807,29.096513346037774,4.171067478968366,2.681101316679943
2012-03-29,2.681909895794438,25.948102958394735,4.205913948538664,3.1832711370886067
2012-03-30,5.975059412881984,27.708313830634168,3.982004894820622,2.7130337053439035
2012-03-31,1.5007407397930783,30.25875615005048,4.087055809872399,2.8840550315424567
2012-04-01,2.730592750482087,22.69635456852751,3.9546460474035388,3.130421273322247
2012-04-02,5.370498185580413,23.844719886345924,4.015584847606215,2.654332267941817
2012-04-03,2.5690066955988384,25.3442850161334,3.9439065355657537,2.317534975164044
2012-04-04,3.023121149897578,19.089297108185328,4.414486476950616,2.772338585402621
2012-04-05,6.793690231060809,24.397988385128745,3.816980000233292,2.689222894230437
2012-04-06,9.699597158332494,24.548068311755838,4.619459243208317,3.0567207847987836
2012-04-07,11.75537758042509,25.287165895660067,3.930980301093948,2.671385230036302
2012-04-08,3.407381465749666,26.164455079077285,3.8067234515984323,2.6149835991373633
2012-04-09,1.182751890110516,25.42733166462288,4.044529601699994,2.6163660241909845
2012-04-10,8.367920389756216,27.59034017880024,4.192815269960368,3.061463536828181
2012-04-11,2.5565384659727486,25.204817103063416,4.298378034874987,3.1421670347047113
2012-04-12,3.765464981659261,23.315045404106037,3.751816121059536,2.783459759401272
2012-04-13,2.2051192080040143,25.622700644302604,4.009494873734571,3.5729053076552786
2012-04-14,4.774240874053886,24.827154507863497,3.8692363202701743,2.396194758615695
2012-04-15,2.445524287333227,27.555747576054568,4.248619281006409,3.0346150599598523
2012-04-16,3.0526354927866635,31.720346793496454,4.0677498715559635,2.632346768304239
2012-04-17,4.004566131832913,23.2220567949675,4.362398140520823,3.141021974016133
2012-04-18,4.725718706113891,22.866492647458404,4.383580238958811,2.784767520955847
2012-04-19,2.1534256157215483,25.523617179707564,4.040440654898457,2.972192022944569
2012-04-20,6.623162665012747,24.099660616723487,3.637498509655795,2.4233308253551344
2012-04-21,0.6882230015843422,24.666239444531982,3.692577584944217,2.7437314641517725
2012-04-22,5.879342607466732,20.03178733163771,3.7216751624071556,2.762150778361839
2012-04-23,7.69569040772835,25.9614073116331,4.181857717187077,3.0791951458466045
2012-04-24,4.231113744779266,22.937497848128668,3.9172836310438974,2.4707941246443372
2012-04-25,1.1452600434196176,23.75036399454283,4.290617909781796,3.195862546486292
2012-04-26,2.3525232193858745,28.299345457930112,3.785148253169756,2.6182062554976753
2012-04-27,6.710831608029627,24.043178432797035,4.3492826691992335,2.89381123458454
2012-04-28,4.044054023738674,22.187876158058593,3.617548932288699,2.4065896532762117
2012-04-29,4.585108315703662,22.90826513888952,4.041250696658471,2.7468289471487983
2012-04-30,2.403249795900631,25.497673555855677,4.222859983077614,2.7699964058503577
2012-05-01,1.0181986107410597,24.34287957027728,3.6491341271857647,2.7019018759312665
2012-05-02,1.1553316383997017,23.88228520815747,3.4460938638136285,2.7224059961880265
2012-05-03,1.8336505609274454,24.814478778490187,4.308120282502832,2.9662149994198908
2012-05-04,2.0626227871261142,21.986964738632235,3.7428404481099555,2.2462326988910775
2012-05-05,3.5780018563240907,15.471907246204575,4.2904164251924986,2.9508361826215883
2012-05-06,3.0748106807163134,21.05707203849378,3.7734571239618004,2.86299965443361
2012-05-07,6.3764208555523485,22.867377736790505,4.558919125249093,3.0657956082474693
2012-05-08,2.501459598165712,27.089100037559756,4.1931135582499985,3.063180708756688
2012-05-09,6.007920301867532,21.636529967574706,3.4524722583285326,2.2436326483483846
2012-05-10,5.907146872407064,23.71444650178323,3.872012982419802,2.3847985946769996
2012-05-11,5.014138404844828,20.632647210780842,3.6337065638772383,2.232302521387404
2012-05-12,7.582361889236084,20.65001589686813,3.7820838823223624,2.6700414424288135
2012-05-13,6.51849952917749,19.180305793674044,3.8623514082588177,2.6894969777361104
2012-05-14,1.1347190937154414,18.924231863761705,4.191158808986589,2.821495748815071
2012-05-15,6.145272674881265,23.31556529993263,3.5189523750912044,2.031541204583503
2012-05-16,3.274846521822902,18.21576468434073,4.181613997817137,2.9014475930778523
2012-05-17,9.499104606762224,20.350533451292677,3.7455728864214133,2.562817654511957
2012-05-18,1.4965165898559498,21.16935658925214,3.723940477591008,2.591701424971189
2012-05-19,6.263358329428379,21.93099218340106,3.8852377523865753,2.9637372026843862
2012-05-20,1.2158078539154864,17.35640523696658,4.7360785818394735,3.362908251267258
2012-05-21,7.2135360607840315,19.398075294888233,3.8623477484395408,2.8626833305530868
2012-05-22,4.262271874071236,23.1230004515519,4.684026954429973,3.4236679758291757
2012-05-23,14.668796809290136,22.006818099147306,4.056386577738354,2.8745884102099954
2012-05-24,2.1059142158061,23.542793672098416,4.1700256209867606,2.7801252737891047
2012-05-25,3.8514423593057088,16.563349095884355,4.329540058148874,3.007458857842846
2012-05-26,3.6292061099701756,21.802250416697376,4.651041446941218,3.1867641288083832
2012-05-27,2.21100532948385,24.688294907681588,3.715574037157286,2.7004594187046114
2012-05-28,2.035707396875001,18.69388765148718,3.6529273716543917,2.5245265748392725
2012-05-29,4.337761793752382,23.270677188034746,4.221511068135859,2.8203770522046776
2012-05-30,1.0258303201160412,22.5947229785814,4.289195377248117,3.4157502165420253
2012-05-31,5.806843326215873,20.885450717773598,3.6231553039705617,2.6077089656141834
2012-06-01,1.7682517533467756,21.128612307831656,3.9803502194813216,2.6748531626851797
2012-06-02,1.7154108591455624,19.65005915691849,3.8064594721714555,2.6305885640444657
2012-06-03,6.065923655781516,14.306183436509707,3.978811749409557,2.5366030667415798
2012-06-04,2.988225767275083,13.854802463707955,3.840374164948588,2.754217988631934
2012-06-05,3.003917720332282,25.549653942639793,4.2574989646656505,3.7106763401045075
2012-06-06,8.44063146471168,18.712284847847165,3.896419914025584,2.962114638511542
2012-06-07,0.5842693514120028,15.055784751258434,3.6477200102702185,2.3671655355679144
2012-06-08,2.042156563087899,25.751171843401547,3.8348875314386803,2.9484289390470466
2012-06-09,4.852967794879087,17.008588135052392,4.350094974935876,3.11055698589038
2012-06-10,6.230120966579027,15.338955561321422,3.7992594587740314,2.454563791756775
2012-06-11,1.9247754086331208,19.253482004387592,4.801707074546496,3.4754500000617035
2012-06-12,2.7234645070275385,20.050785273216306,4.186245656330375,3.0585392770855453
2012-06-13,6.415881089901644,15.910835070949238,4.209438180574869,2.7997478022721376
2012-06-14,1.9240256079825633,21.0343600938238,4.161624814260019,2.751254760486884
2012-06-15,6.592698274768232,16.473751664479764,4.13294278048995,3.1290149648223786
2012-06-16,1.5342938604058571,19.002679274500395,4.1335861570603125,2.8892165202288824
2012-06-17,1.2847845902273043,24.770543882956517,3.9079001630690287,3.0259349513107603
2012-06-18,5.895582589652021,15.434052680744571,3.7661465311103655,2.715188434414674
2012-06-19,0.2534140501290558,10.171973979398524,4.157633931978322,2.866769177911966
2012-06-20,6.05312522515013,17.53219893961464,4.118513737010489,2.5411732383710386
2012-06-21,1.739299834927206,15.948515628045552,3.9353565356494964,2.54571888924094
2012-06-22,5.293613765329466,15.459936664316057,3.4326051187516624,2.38890438221265
2012-06-23,1.821254980909518,14.46848449834648,4.342456151705006,3.14081604630841
2012-06-24,2.0001293535272144,14.384163487867358,3.8115730028146935,3.1528831426491664
2012-06-25,2.009606268456252,20.441450545127495,3.8486229821681905,2.648811063808496
2012-06-26,2.7057499292444738,18.34871289570432,3.832250051813927,3.2019112415140834
2012-06-27,3.786079995794464,10.57976536574371,4.1707511415778376,2.80315551134465
2012-06-28,4.270549439365506,17.125698819650957,3.956996996649818,3.163882097841845
2012-06-29,0.705143350317568,15.015153950150973,3.540172850845268,2.4899884652172446
2012-06-30,6.343861104503515,16.8274105806422,4.129843184663206,2.7425398936012075
2012-07-01,2.3924822557904464,16.766547068940287,4.067334430243251,2.891174631595763
2012-07-02,3.3695696755495392,16.351508648765673,3.908338621240306,2.687519423721925
2012-07-03,8.43307880336985,13.820227102539741,4.266991810584826,3.090278535747157
2012-07-04,9.588380894748862,11.766307201693547,3.947094488876013,2.9917267319072125
2012-07-05,6.4665736587030676,11.19347018232768,3.7210845085868844,2.2451116870228045
2012-07-06,8.153976294065677,15.458890747636389,3.794175357879768,2.42411067294856
2012-07-07,2.685976978217672,11.212969549303246,3.6270802565560922,2.4893380969734182
2012-07-08,0.9494247134867988,15.169055228495719,3.5029409611198012,2.5407714334287155
2012-07-09,5.414202535849577,13.481322012489953,3.732603335733458,3.2096529682943324
2012-07-10,7.232052076362514,13.456725249098863,3.91708798755358,2.8392943440220533
2012-07-11,4.96216102224443,14.001109107007588,4.036074154644253,2.4516798360907313
2012-07-12,4.560290350463456,16.28435544398888,3.733687251147745,2.602544718562602
2012-07-13,3.4685278318169295,15.576567063332034,3.62943714316837,2.3904523469512577
2012-07-14,2.455759131009414,13.819030111606736,3.97167437256734,2.9656802057255165
2012-07-15,8.895927290613418,14.193380744615949,4.094062914242797,2.8615358971495146
2012-07-16,5.7796829743746025,11.192626738878229,4.515326094254583,3.205505796544115
2012-07-17,8.232534512087772,19.68214703723714,3.951933343825668,3.2455746231341513
2012-07-18,2.9560345612067502,15.236172472559701,3.7117590458536664,2.521682600257196
2012-07-19,2.2827709507691147,5.657092235617082,3.55184865689137,2.2681550649330218
2012-07-20,1.812847165475399,9.875886845738245,3.829470153967981,2.6544181210175886
2012-07-21,0.39177156460062174,12.295343171489133,4.131374954581568,3.14701481523434
2012-07-22,5.1801627365763,13.973864380012877,4.154007658173095,2.9758366488771326
2012-07-23,5.036914505145618,14.69380838577931,3.9948664681490804,2.6400509530062495
2012-07-24,4.436933005737308,10.994443692390306,3.4739090124655077,2.219783629763809
2012-07-25,1.7294241939564814,13.868870785105393,3.9955311327759704,2.576354461114319
2012-07-26,1.7209633978710535,11.219300160877626,3.486398816058354,2.3628192803435244
2012-07-27,2.5640389591710395,4.938807466199581,3.9277316938061113,3.103069658065774
2012-07-28,21.10659688286629,5.349799876957585,4.166161461667986,3.0888141215050475
2012-07-29,0.6617989726168773,15.716148379407938,3.595437765422842,3.035997105153253
2012-07-30,9.225932256763357,11.608390320911246,3.891780768011427,2.73553813587236
2012-07-31,1.1012968316914216,4.4083719529523595,3.797501894258391,2.7036227960620978
2012-08-01,2.441581207319843,9.842770335022081,4.476260324737789,3.227377845630169
2012-08-02,3.8194010386718165,7.5032652542581575,3.9924540987600414,2.7826227501587097
2012-08-03,0.4243583873747866,6.1333066914163545,4.008653851744673,2.769800277796563
2012-08-04,2.451245440886444,8.355366387604096,3.6818942581479455,2.58867672088078
2012-08-05,3.150650731704984,10.224879623958532,4.308801802788892,2.6951249861604945
2012-08-06,10.829810237077652,8.279061073851686,4.196796282335236,2.573856581407694
2012-08-07,6.077909875119193,6.365595831339618,4.437837791344155,3.039175311387689
2012-08-08,3.2639949769344754,9.7187740714838,3.9917342646118676,2.9423706886007857
2012-08-09,5.674324127959522,9.270686944431796,3.99367543720734,2.7776765103384986
2012-08-10,2.6040480920933082,10.164609824152329,4.154911128153268,2.385240063680237
2012-08-11,3.848752489656013,9.444242589429367,3.96297705407397,2.652025260376918
2012-08-12,2.991978010456821,7.67933209224828,3.724658186723115,2.617729766436756
2012-08-13,0.5720632557298728,14.68769363780783,4.13414708022377,3.061637393278721
2012-08-14,3.203557170927983,9.277745133903831,4.115644252176052,3.152384700904971
2012-08-15,6.111948302152589,10.729411245149194,3.8178367428942197,2.68670320248593
2012-08-16,4.4700883745189275,10.613796076740648,3.8119256293492767,2.4619192732965622
2012-08-17,6.1695950622364295,6.926886711870138,4.135506806149431,2.650011619152498
2012-08-18,2.1340477063520664,6.9731111252067,3.5838543584669225,2.7297765775318816
2012-08-19,12.961210393329644,6.635686143498221,4.32862330536014,3.0752788693422266
2012-08-20,0.5073639717381893,4.915243579193838,3.9962886829567714,3.134571120059094
2012-08-21,6.041734946594115,7.925784516134953,4.248952207186037,2.624195289675117
2012-08-22,12.221256948771847,7.15399573301231,3.8881240167449773,2.8358476023515786
2012-08-23,4.506272380222923,8.56619688565247,3.9179420889216834,3.0572742417461716
2012-08-24,3.65461196260899,7.983778429836464,4.656306515696953,3.1288874339710238
2012-08-25,4.126279547004097,8.491845047664839,4.0782990306593,2.6141751559485655
2012-08-26,1.4294416449063678,7.732618195007184,3.5092039380130053,2.752216831117892
2012-08-27,8.988454754216113,10.416379879528503,4.285622048230306,3.0570326445923035
2012-08-28,1.516711528103647,9.754687218286186,4.249641325979535,3.4260676908048064
2012-08-29,1.625398733891097,3.6273027864145915,3.7561886961443984,2.7551771355803067
2012-08-30,3.0624935810375264,6.922892401440989,4.194381831025334,2.5910533998213103
2012-08-31,0.915655378109847,-0.9640398016942067,3.9547261309760176,2.6773449153670854
2012-09-01,1.9771634375490854,9.767112126878434,4.1649509409920125,2.946598877796404
2012-09-02,9.061999786168144,9.602359766439083,4.542469123180004,3.1003297313433467
2012-09-03,1.6854916499466441,2.5330848854418058,3.7213133769151012,2.8528852024053566
2012-09-04,1.5887170031072275,6.989536436783987,3.878246458123149,2.6553514061620986
2012-09-05,1.2295486678984033,1.979917029148499,4.119805948254805,3.1008264833657773
2012-09-06,2.259098331439224,-1.306560953907379,4.134507629759311,2.7359285195003187
2012-09-07,9.541076909117566,5.078984815113827,3.9141108577393324,2.910026682275592
2012-09-08,4.058736906343474,1.4538741468424865,4.07079920170382,2.5801112646393753
2012-09-09,1.5613398891270587,10.871716994361822,3.5413551080449395,2.562546180272363
2012-09-10,4.7390719546922435,-1.6642420049816868,4.0456362369508945,2.7318605515206427
2012-09-11,3.0490682903239614,5.170344586092024,3.998695746850249,2.666578717729036
2012-09-12,1.0571945381348713,7.054148124495441,4.247592888831931,3.7417143628494847
2012-09-13,3.2692830514739346,9.474572006097626,4.268494733725859,3.325387884475306
2012-09-14,4.165253055951791,5.250605026797757,3.6817326553146628,2.477089766223555
2012-09-15,2.603540902088576,6.971208783722338,3.92306491360892,2.5714243290570287
2012-09-16,5.698819058107378,5.969548217332619,3.168066352627247,2.1963363571589896
2012-09-17,0.8528366351593774,9.09859647859592,3.734361666728134,2.608490344862201
2012-09-18,1.7107741526129792,0.48230998973558936,3.66053905502905,2.8482389250972533
2012-09-19,5.1176618734909916,7.865565373243781,3.815909599228776,3.022872925614873
2012-09-20,3.5209138086122844,7.036712634565257,3.3968360097632804,2.500886711235851
2012-09-21,3.244197410472975,3.8765851293220064,4.229847074276588,2.911063095189339
2012-09-22,1.8707007542781307,11.021575416204922,3.172581886387633,2.0473713067412453
2012-09-23,4.40130498445526,0.7458320994510581,3.46965639778186,2.368895119891704
2012-09-24,4.830095689559353,2.9201269925134468,4.049183055693883,2.7534266398755194
2012-09-25,1.6126607926154566,12.126388361886503,4.071814307400311,2.85438919216107
2012-09-26,3.7481846535708208,5.739883329682229,4.255123566465659,2.775516161961679
2012-09-27,2.857390125618317,11.913644344472248,4.382684614811138,3.0267062081236658
2012-09-28,4.994989541297335,3.0049485652995074,4.491509953512617,3.2875380299515675
2012-09-29,8.776733177512506,8.72651339782395,3.7342321117047526,2.752211661359546
2012-09-30,5.189038045350258,6.510060475962023,3.8288533211531575,2.9714158824219794
2012-10-01,8.503469413892764,5.186150153862342,4.189194639139683,2.9826277836609685
2012-10-02,2.843706811149514,6.023838909765729,3.97529791477852,2.920182339828844
2012-10-03,1.9467723265930759,6.85387457770456,4.055355770730693,2.843265408246277
2012-10-04,1.2364203400267875,3.0501843176158627,3.703773432033018,2.747233491599797
2012-10-05,3.6766302097483794,6.3628048142301585,3.71505130903767,2.483036690624406
2012-10-06,1.6340516371013079,7.344142442949217,4.897805795399542,3.1725210875448417
2012-10-07,1.5740627993841412,5.213280715800515,4.427529209498569,3.3086766659787927
2012-10-08,7.3308152323944515,3.5345236381128844,4.035271197868339,2.9684060183096146
2012-10-09,0.8806769095798811,2.889519364654604,3.969264724027361,2.672728722406675
2012-10-10,5.013629054583374,5.706409531917531,4.271561555622605,2.713247950959148
2012-10-11,0.677321873222307,9.538901404811721,4.13839441640955,3.3336204398819795
2012-10-12,4.094294778400858,3.6027643846707855,4.371220302918638,2.909810191986441
2012-10-13,4.034056925208753,4.810552325695513,3.7085023087671267,2.3642382150731134
2012-10-14,2.429491989624663,2.3986336050646537,4.447589396482249,2.844803841419329
2012-10-15,7.562584853131823,11.307154000783129,3.8641343999274333,2.833742775124724
2012-10-16,0.29976352598169576,6.344044859604626,4.020892926356876,3.0877030069280895
2012-10-17,3.0532528395526657,-2.3815560345836424,4.035017884536726,3.0704874293720334
2012-10-18,1.6720905142914064,8.8172949897697,3.8985776895336466,2.8221082830045683
2012-10-19,2.964035910219411,6.368969216731469,3.6949344534362045,2.7972001478676196
2012-10-20,3.2680292160988396,4.224604678835673,4.0431013815621135,2.727275218001877
2012-10-21,18.484149470172838,5.535007526397198,4.1987768287643625,3.4094447706871103
2012-10-22,4.700877408774925,2.9523252224349825,4.1207077393053835,2.921928703644954
2012-10-23,2.1798645069143707,10.208854464537042,4.355098307302737,3.3492668683282405
2012-10-24,3.4349005682058538,8.387641845008604,3.930474074321379,2.595390549525926
2012-10-25,7.193528450723947,4.685451814107505,4.521206121035709,3.428318655499108
2012-10-26,0.9682336058209486,4.514233564519889,4.057927056211327,3.094155473025539
2012-10-27,5.489284823417092,6.0255005512180215,4.321686892408546,3.0125568222583468
2012-10-28,1.276515535163679,9.967732583921286,4.333503380623196,3.0752451931518956
2012-10-29,2.2020377717249846,4.7378528028910205,4.062744335523816,2.807415874870997
2012-10-30,5.036564867358331,4.103489660190117,3.844126026611562,2.777992860421538
2012-10-31,1.7235056667855368,5.944465075260814,3.7177128817988914,2.69166311419108
2012-11-01,4.8079914228176115,4.380849574969058,4.111229250169417,2.9211573448781207
2012-11-02,2.6988389640252857,6.23006364989607,3.7366430546491656,2.857403613138467
2012-11-03,16.552099757956395,6.0002779139831555,4.050476271913452,2.970044519688184
2012-11-04,1.0500708928705986,3.148130119928781,3.6173238635652947,2.754208335957034
2012-11-05,9.822299695350123,7.484169402923661,3.9018199929226114,2.455519683832322
2012-11-06,2.458347681504282,7.85119643778371,3.807267767183806,3.0261839983436105
2012-11-07,10.598730858644723,6.473870665593902,3.9409482347375304,2.9889295108403524
2012-11-08,2.002747657563657,10.496118509804251,4.00141725229663,2.8410145195414915
2012-11-09,1.453333810780289,8.309056421926725,3.917927349080336,3.022256710745951
2012-11-10,2.38555725703614,2.3268292903148007,3.8769802769520108,2.980368587818738
2012-11-11,1.7331521871623683,6.826427471305995,3.710045603359997,2.1785543759554455
2012-11-12,1.7178563467218693,6.783567247095332,3.4566403074024006,2.1304229043065823
2012-11-13,6.3042271146979365,5.269716732241442,4.237320839764213,3.0373167015283373
2012-11-14,4.340508457987468,7.727125081987286,3.9927570704391213,2.9751895183753594
2012-11-15,1.4898588905727612,7.894311156016791,4.0820285999028965,2.771210314749186
2012-11-16,2.774385295829814,7.090959059045991,3.9958629756544854,2.3227781430709165
2012-11-17,2.6096550340044034,4.493125944648888,3.810989686854634,2.777828089299572
2012-11-18,0.7161574208883394,6.453843834583356,3.387335296210156,2.4836252571133772
2012-11-19,3.3422022398193527,7.167945016974376,3.995338342665564,2.6409253687872174
2012-11-20,10.417460510806793,9.549031444957325,4.1405122480002055,3.2972188245857974
2012-11-21,0.9722330987507132,6.3639831808145,3.844608794552087,2.4767504085483365
2012-11-22,10.560464134102299,14.336253135315088,4.402232617124013,3.1464180220261277
2012-11-23,1.782659686312944,7.005711372290458,4.286616614949377,2.467468693243854
2012-11-24,3.1813221618518153,10.195376598894065,4.478932904615313,3.2105394037184585
2012-11-25,2.9980617770722335,12.52797619613436,3.967265336267157,2.827132000564281
2012-11-26,16.1673403777266,4.754359518077725,3.969288524503234,3.15480696560545
2012-11-27,4.750717640441705,7.69946490345136,4.241160366224799,2.832900235231816
2012-11-28,6.190888588059323,7.610530240182758,4.089109950174598,2.498671340917948
2012-11-29,9.789571867345357,6.273206698041388,3.8583353202227992,2.4033073776607203
2012-11-30,2.113950868425663,7.89446612459333,4.212389260472801,3.2518615003580433
2012-12-01,2.0431814456713977,10.45685070478969,4.065303123699916,3.0320131437790914
2012-12-02,0.9434075901155733,11.06797228885326,4.090859816716766,2.929269681235356
2012-12-03,6.954133314726813,15.257859359995432,3.6170541315858573,2.295476800138882
2012-12-04,2.1722973008634736,11.620303515201577,4.489484204639206,3.0661413151709
2012-12-05,5.040606115473162,11.195918047002294,4.18949918340217,2.678551033226369
2012-12-06,0.643520292696256,7.449298486580128,4.3256096939861814,3.3208794991876185
2012-12-07,3.9328284855443925,11.899645601485709,4.480310849264683,2.7798268788603977
2012-12-08,11.43484243898351,11.361172762861148,4.015484851305989,2.7747241493779873
2012-12-09,2.570659162754322,15.469629615942168,3.549692437568289,2.317976878622341
2012-12-10,5.229120264197226,6.4449136540357514,3.641610250302816,2.785552617867506
2012-12-11,4.685388489233219,13.660295021488217,3.650178177078223,2.4819303425167516
2012-12-12,3.837097289107514,8.823015932681887,3.4875511218731514,2.484101194974664
2012-12-13,1.766246255411204,11.369910498466206,3.6447255024239467,2.2825155396516377
2012-12-14,3.4920817458645357,11.59933897223351,4.482621239204969,3.1634587437397346
2012-12-15,2.826237052937326,8.191062453588383,4.221856220657776,2.7731133887601302
2012-12-16,6.3560119331004685,11.766343937896377,4.362862192780625,3.169584062308888
2012-12-17,3.4602535933318297,16.108126108367706,3.794303422539258,2.510356035362398
2012-12-18,2.0059566023685806,13.290325224060837,4.084096551463711,2.7090986283495
2012-12-19,4.751327344076629,16.3502826837627,4.061282441057848,2.4128747223025755
2012-12-20,1.281584434253258,18.64145808825677,4.089633493093498,3.0753333846350936
2012-12-21,4.324690660680831,13.071793047546679,3.986830799973091,2.804870746627486
2012-12-22,1.2256237375204317,12.674875662313218,3.6703244300865396,2.7473707354719257
2012-12-23,2.2563389184821276,12.826022833050907,4.329653481582285,3.2189782474901256
2012-12-24,0.2702376352253067,13.058391964406344,3.485297744061756,2.5598343743440997
2012-12-25,7.60050816663502,13.953547677333669,3.6017268018163646,2.3581878594441212
2012-12-26,4.112502437146799,13.753557712922342,3.9516438538124077,2.801498035933403
2012-12-27,3.991837605079338,12.104408344795305,4.396856024064585,2.921800691196261
2012-12-28,5.093321148439804,14.222292185571543,4.025733372752295,2.701823602950934
2012-12-29,7.064984940461114,17.069850934650383,4.0730324981676835,2.5546039131816523
2012-12-30,3.533791338990946,15.204995648079977,4.424002893766343,2.9325977206936265
2012-12-31,1.8082984179328896,14.737984914958659,4.0427111525601065,3.062127826373725
2013-01-01,2.7533659768840324,14.881109017951099,4.123724622031674,3.13228641223776
2013-01-02,11.058184120316954,13.820406387396307,4.155328417127491,2.9775831878415904
2013-01-03,6.508624950880891,16.124982956391285,4.267020580567735,3.1773060973786866
2013-01-04,7.922983009011051,18.69042711478373,3.931851923666295,2.8522268295380284
2013-01-05,3.641442479705061,13.035710536050045,3.955528245881618,2.7528552057250772
2013-01-06,2.30233408681858,15.315434774402863,4.189835009218954,2.57603689342649
2013-01-07,1.0349834592927227,19.8816437308684,3.9487451888533736,2.501478983429117
2013-01-08,12.359294916833514,16.945627421202285,4.139983417392084,3.1589873675729994
2013-01-09,0.8612300772485093,22.064203044558894,4.1174967968292515,2.99492665677189
2013-01-10,1.8013130009685228,14.050452989059004,4.001942156293861,2.535895087867747
2013-01-11,6.080981835191711,17.64626516948482,3.8164223494486165,2.776697857659665
2013-01-12,2.2849844104793466,20.06102997784363,3.42157514567804,2.3251913122420205
2013-01-13,8.606545625492602,22.320101686329604,3.699756056208535,2.670748617848255
2013-01-14,1.818465375352805,21.972916129410063,4.0647749099666655,3.1952536552906845
2013-01-15,5.603166082816881,16.690251469725172,4.078609290898218,2.9954999648707616
2013-01-16,1.9786179984272676,19.75500489625235,3.8830809017451884,2.4665337568169403
2013-01-17,1.9451023435542056,18.731210132973285,4.157290657366212,2.9026515524584715
2013-01-18,2.74804652799534,14.505762067694144,3.997481079490179,3.5129619659099967
2013-01-19,3.1856926869303677,13.266430623304675,3.997168173153116,3.090209081419925
2013-01-20,4.62095630136961,17.223051989510836,3.9778161539304664,3.2527410622351387
2013-01-21,8.48532613277256,20.189605756955086,4.494744149796139,3.2579440274785725
2013-01-22,4.778648133248354,12.92552483748043,4.136421112966798,2.80158890992222
2013-01-23,2.3256691097790294,18.519732796588055,3.842841787939762,2.8365264431396096
2013-01-24,1.969668714888071,13.952151805050448,4.320647072969802,3.04593276030672
2013-01-25,3.614315253301997,17.62307146600829,3.959566222544644,2.8122232088006722
2013-01-26,1.8477333952559025,16.63664338775175,4.378945590224799,3.3639483266746364
2013-01-27,2.6453503972626864,23.10557315961244,4.0440370858061625,3.0248958683259586
2013-01-28,3.132474254252924,20.79908323383589,3.3564427842807794,2.2994433720717296
2013-01-29,8.426929990721105,24.137770311763646,4.153668874408168,2.568296326249344
2013-01-30,2.3376824511110668,15.486880512985222,4.008526498287734,2.7035704455783893
2013-01-31,5.002769993616211,19.749863238847094,4.031097251441119,2.842365264578243
2013-02-01,7.023250823088905,17.20481892343399,4.293949969252729,2.763136420984484
2013-02-02,4.299373575274251,18.47829183923312,3.628739246770912,2.65936083971573
2013-02-03,2.8868121018060533,11.96246730211601,3.865791311000238,2.7289059566536262
2013-02-04,5.907431135967913,22.38360415335496,4.41970168013879,3.0304082710036178
2013-02-05,2.037854536105375,20.948381621376726,4.066387586520552,2.9146858506521007
2013-02-06,12.559542416014596,21.017641188130913,3.8827443630940683,2.454922192960019
2013-02-07,5.745109504599812,22.985715104236057,4.51921635000901,3.1616276046175336
2013-02-08,3.918786142996153,21.932387552481767,3.780165991129429,2.890914547700988
2013-02-09,3.5923227242389073,23.14511688929567,3.6868601609033136,2.617876103308467
2013-02-10,5.101986520016696,22.410543641635677,4.018330027307909,2.601989174825053
2013-02-11,6.521571515077309,21.00767999158848,3.4276419604678177,2.1952777601298004
2013-02-12,2.585694154603017,22.610267137042044,4.04540815740613,2.9526035624884495
2013-02-13,0.48201277021588645,18.59138740036137,4.147443215289198,2.8134913803554094
2013-02-14,3.254733689918007,22.4172054284333,3.8824175040211237,2.9850324967350215
2013-02-15,2.343601870595552,20.601083730774263,3.67309536663882,2.7160782854970926
2013-02-16,3.6070354873195543,27.46888506948256,3.6535129135001863,2.2408926157415023
2013-02-17,5.041025166399336,20.68660157190583,3.634386788891822,2.404371371153991
2013-02-18,11.736342661716122,21.74223399064229,3.9613329487674487,2.6433185351937727
2013-02-19,6.154866226164838,25.589597140372994,4.144572046648958,3.0981968773176605
2013-02-20,4.190931575542461,25.654883136312744,4.438149982243888,2.9734353307414496
2013-02-21,4.571199457867567,25.639196600441533,4.202029702559033,2.7281354033645493
2013-02-22,7.678659241869479,23.821198587307816,4.085959729086995,2.837211377159401
2013-02-23,2.6283895060219096,27.67956708249922,4.004465849185025,2.734150913801575
2013-02-24,3.829582892866381,21.252180420082926,3.6597551781362436,2.7333620269611405
2013-02-25,2.6349835009587346,19.251412618369354,4.006840714721102,2.8513150207286233
2013-02-26,5.187692935515212,25.13231984313133,3.786764172645753,2.4614727658264397
2013-02-27,5.65129662243464,24.76011531995596,4.215971598622795,2.8558984140142427
2013-02-28,1.9074034537057658,24.73325338342294,3.7620324843339517,2.637729088018306
2013-03-01,6.763533439610154,22.596488482836666,3.6909755493515246,2.153706393979985
2013-03-02,0.30625956430004436,23.940556427215533,4.142712524726246,2.940585906257759
2013-03-03,3.402475026450486,26.349068746125482,4.076499756497574,2.74220707115195
2013-03-04,2.6855210219960663,21.158473614181286,4.791383412026384,3.281607755879793
2013-03-05,1.1742763262292377,26.518894917816393,3.992489605747181,3.2172904967388996
2013-03-06,0.6599848718959654,24.612712656876177,3.9976542373079114,2.863594008743006
2013-03-07,2.978491225309687,26.69890706150244,3.8993801947308504,3.0046485081885064
2013-03-08,4.394472246619369,23.937193477800804,3.5702873818027596,2.7742175996156235
2013-03-09,2.334856991964669,21.10575747461025,4.1128387684666405,2.7616461297858734
2013-03-10,1.9019460141665478,29.982483157354434,3.668755491085954,2.4377175365960957
2013-03-11,1.2660554129858785,25.73542947150618,3.8179910253090052,3.0612381940194933
2013-03-12,5.79742055989642,19.383708282450115,3.6436589387731915,2.4871842117120986
2013-03-13,3.233255615871194,27.2596022307529,4.433500961219924,3.5915675373779195
2013-03-14,6.942743449675705,25.54359497051314,3.996854211924659,2.995366784975325
2013-03-15,1.9721783264491337,26.730533068178048,3.856442036005776,2.246505842454929
2013-03-16,5.083939546863811,21.90867666886702,4.12554604470693,2.4633751445212413
2013-03-17,5.331874863774814,24.65083515999303,3.851775193498346,2.4332932612603217
2013-03-18,4.211797443967441,27.827006606118566,3.497795737999896,2.56977514398128
2013-03-19,4.928468701280603,25.16154399434183,4.225411659047102,2.6360740706514263
2013-03-20,4.075916851883856,22.94899298895284,3.535668576813151,2.4665822845814667
2013-03-21,3.5319713642769988,22.102242921654117,4.4933920060025905,3.0077406130957276
2013-03-22,1.9329171354263006,21.807354578935808,4.122016194629821,3.077909653049223
2013-03-23,3.3927476198191937,25.663531990188414,4.100489050541896,2.6745268191829696
2013-03-24,5.888345757361812,20.32512980834325,4.018417270501323,2.780521024186701
2013-03-25,8.357532782416355,29.116832679974898,3.6562297769684102,2.743332490080253
2013-03-26,4.8232209794764715,28.302228151461414,4.063294512029777,2.5978256057227127
2013-03-27,6.316074903487498,22.06396234555066,4.466274508506854,3.3930819539691974
2013-03-28,1.9081084945456215,30.57810880736976,3.424566297293991,2.496995044402661
2013-03-29,1.009067489755975,25.794102083606354,3.7315227684441488,2.630948795861699
2013-03-30,3.3667626937903568,25.512139158961755,3.9689307028715404,2.695823134152359
2013-03-31,2.8109641388371305,30.135621223452368,3.9203829458287562,2.61263382209768
2013-04-01,3.212741637383582,24.619427291835848,3.7586964518318666,2.174087437293439
2013-04-02,7.006803718628425,25.255562198063956,4.082993889684964,2.7579573485246818
2013-04-03,7.23843163535115,26.87480293826136,4.094067389535628,2.778321371397306
2013-04-04,3.5292616718058265,24.45118592838094,3.9205901454861634,2.9592607129383697
2013-04-05,0.5615709233033016,29.953098644325067,3.641655087217635,2.3621399439646815
2013-04-06,3.061039139644879,24.696129306747483,3.9131113142525162,2.808748438934682
2013-04-07,5.477173290247149,24.576551259547728,3.8623642297149514,2.3920594208422075
2013-04-08,1.1073237679603603,27.677453568292933,4.567134237967508,3.357375164444531
2013-04-09,8.292514680518932,26.15790881054647,4.428676605157278,2.992492930020193
2013-04-10,6.91444435795989,24.660630946823776,3.867566758125913,3.0063822502166215
2013-04-11,2.608634839862564,31.56319317679751,3.6119965083865084,2.59239444113901
2013-04-12,2.2188492190446483,24.82804917416202,4.102040323831003,2.7130658098758236
2013-04-13,3.949359669733413,32.35448104144988,4.026659555491493,3.0766920323385047
2013-04-14,1.4761296305666112,28.517542167159345,3.8990263844471404,2.700577839909046
2013-04-15,3.1250917356783243,22.632760855582696,4.518721280406044,3.013646182556418
2013-04-16,1.1069423303983572,27.171515009704777,3.4932471447131017,1.9347724685538046
2013-04-17,1.0716497420766407,26.38929995507071,3.4705056024010834,2.2249254305649986
2013-04-18,0.17839247617409967,29.398544032913755,3.826271610741637,3.0659042038594335
2013-04-19,0.9485301783602864,21.75178781099986,3.9775360582661072,2.867312239740217
2013-04-20,3.0921282193501365,25.563636550174607,4.112647042126008,2.718011312694545
2013-04-21,4.344735228783507,24.433704628490776,4.689456742906746,3.5581591285164924
2013-04-22,5.6276053975207,28.63829077294269,4.204057881615549,3.284737328435106
2013-04-23,1.01632038264403,25.114604009944976,4.404106730520599,3.379436485995604
2013-04-24,1.3254470617300482,24.665780334757684,3.6553181835586406,2.408510622677494
2013-04-25,1.7444552446583532,23.918315372433554,4.007426405030032,2.672035662695617
2013-04-26,4.413998815390404,21.217242543913006,4.206632980319799,2.647438230500514
2013-04-27,4.324481414671252,28.09680984819481,3.6095007177650125,2.31266473616396
2013-04-28,3.6461153199699767,23.55694222104553,4.047859887951552,2.937548528671248
2013-04-29,3.131558834041572,25.60259440617806,3.776466121171625,2.712702418907541
2013-04-30,3.895116584186242,23.97567787346046,4.1681584920711465,2.8256308188866113
2013-05-01,11.872430373452225,22.678651876149,3.665079290012425,2.400055925039282
2013-05-02,2.575367488196502,26.7343777802027,3.6356276784942527,2.9074229608058078
2013-05-03,5.09124448356668,19.270119129051903,3.8420193330266947,2.525434453233189
2013-05-04,6.604729657096419,22.621549496233612,4.739459954278904,3.50768368627786
2013-05-05,3.089349270273892,24.709036946889167,3.9100505628992117,2.7325623475837615
2013-05-06,2.80755218490066,24.698918271163997,4.268983451898348,2.6273732456285033
2013-05-07,5.216049460459031,26.40020495005713,3.716249958989602,2.536839067837689
2013-05-08,0.7494004479340105,25.329120543435444,3.919055547215064,2.6352558757200204
2013-05-09,4.607978962086526,19.654579907679505,4.26435708228758,3.1423520006329997
2013-05-10,3.177333603234655,26.247043582438554,4.56969889553695,3.0277588605893935
2013-05-11,2.781291945442352,24.892695724205034,4.064211389866572,2.844001428928644
2013-05-12,5.611238514486173,20.452587882520618,3.549053201524197,2.1999306077471967
2013-05-13,2.1732653294225175,19.700685658594786,3.886354200215487,2.60479570153765
2013-05-14,3.4371685605387188,21.79154621649801,4.017192296220481,2.790286722147291
2013-05-15,5.796183882850242,19.508648846861696,4.474137433462789,2.7317775765043337
2013-05-16,2.803207211433873,17.924911558594996,3.6337924330238054,2.651455013740229
2013-05-17,5.3823777576288,20.330973853375514,3.5537865037246115,2.666279170575726
2013-05-18,3.6597758752470795,24.902922339411816,3.983919000606386,2.4729950252881387
2013-05-19,3.4406547501100033,22.921657314397653,4.093429554705621,2.924982253061061
2013-05-20,9.649724550538389,17.806893315499302,4.457647487903233,3.1248188464549416
2013-05-21,2.463680807893622,22.883269771646464,4.069833150049402,2.7749703124448324
2013-05-22,2.876299017117939,20.286641651112916,3.8892651918143004,2.8387900592432147
2013-05-23,2.8184146705556397,25.72703519430641,4.1373533838378,2.794700450202622
2013-05-24,16.473833600479523,23.44141550882666,4.006693354264199,3.0442418396276367
2013-05-25,2.587980245167486,15.945851343821333,4.202624893882428,2.9630086233434163
2013-05-26,5.577012344652684,23.856158854957545,4.205120416225542,2.918021345854393
2013-05-27,1.7802428577215943,21.795644839628086,4.036869660070444,2.813178275302534
2013-05-28,4.700436509960454,18.11622868983776,3.7482108436510835,2.5486240924598493
2013-05-29,3.232782616073907,24.806618586377045,3.6130482438635654,2.6006531678068345
2013-05-30,3.949730896246135,16.339978608116773,4.1135819758635,2.7919498219938186
2013-05-31,2.844501438591451,19.009946252572323,4.209050794595442,2.4905545559362534
2013-06-01,3.4805255110207622,21.174889623314712,4.031288066244045,2.568168087948558
2013-06-02,0.8128820122990792,22.538093055939644,4.066110626019067,2.738223076359649
2013-06-03,6.37645791551867,21.68379368359256,4.150146611313505,2.935634430080517
2013-06-04,5.830156722284443,19.546303756179665,3.8537248099458736,2.421367764795408
2013-06-05,3.796756043569738,16.48989185510283,3.9688240433162925,2.9293918760534163
2013-06-06,6.401408281724192,15.583179980372876,4.032533523114159,3.12676056646791
2013-06-07,1.9276047967860241,22.426071584987998,3.5350881738606033,2.3348933917086026
2013-06-08,2.1597678085160066,24.47619462189908,4.126405125450893,2.8596217549334644
2013-06-09,0.622979220629251,20.16841300841091,3.86235041407407,2.7032906928326956
2013-06-10,0.4287667959912568,14.787239916909868,3.5852046234093833,3.003916923964463
2013-06-11,4.7313655104526156,16.88422661385435,4.353071970134458,2.608558285109106
2013-06-12,3.609879787625236,18.82483390672003,4.119375352393212,2.609550598684744
2013-06-13,1.2101340796917963,18.708630736187853,3.491036137252833,2.4114057258959707
2013-06-14,7.919923304647791,16.28101033051498,3.7488710623941315,2.922284129037395
2013-06-15,2.761383747461488,24.439338743663654,3.974366746766246,2.554888978053639
2013-06-16,3.35469077864298,20.053469634425113,4.349792703585484,3.15375646348535
2013-06-17,3.0676023595674025,16.45893045506579,4.481338875224185,3.369247881005859
2013-06-18,6.3774106413055485,11.578745258955026,4.146590797647721,3.3079506462691777
2013-06-19,6.421634647528535,17.046326728975778,4.36344586665623,2.771744266187277
2013-06-20,2.675517067631662,18.341430833056123,3.8283458576945533,3.0827452573853718
2013-06-21,3.585597795571931,16.75415469287483,4.224420000152521,3.4523691894358413
2013-06-22,4.68018037250393,17.88748012551129,3.9815248042768747,2.6778358672012277
2013-06-23,3.4289525490751145,18.9920250021139,3.5080322042542083,2.4627661826991307
2013-06-24,1.228541865587148,16.048757945883636,4.041836852455273,3.026336165737398
2013-06-25,0.8010980957024466,18.09212375665944,3.9995493051403543,2.684140453625112
2013-06-26,2.673590208985143,11.768886092744012,4.444300697635757,2.8325540711585373
2013-06-27,1.316536156949229,12.837846778433402,3.769894407165199,2.4675033806845206
2013-06-28,2.9610882233910156,13.540670090742701,4.046744966017376,3.4077166603761095
2013-06-29,5.189027416530392,17.63102860587884,4.10906346957956,3.089316786265564
2013-06-30,7.622625355517842,14.625760745426076,3.566544270941197,2.213317503459918
2013-07-01,6.0347110119923855,17.18575715894536,3.8747403892129477,2.8039871038226534
2013-07-02,4.001213520849768,13.163906684460287,3.8922893350899925,2.8052820324823067
2013-07-03,3.347422627232168,17.188135064357237,4.192572020234046,2.879702174371075
2013-07-04,2.3120585014276225,18.137814158558776,4.162842150535106,2.8798390707352506
2013-07-05,12.752446196538465,19.075912443495433,3.709661133865394,2.7100670149436037
2013-07-06,12.377089113877876,18.088468440812008,3.844463823358441,2.9887273314888487
2013-07-07,10.150559863265533,14.039936381971167,3.989730953706897,2.783833431057164
2013-07-08,0.7695632826869486,7.031844025987043,4.236512479893426,2.6403672840175143
2013-07-09,2.170194780761783,18.430985862851138,4.7540915147822815,3.3294840464183726
2013-07-10,4.538703273259488,7.95522930672084,3.8916777923786223,2.8205098469852987
2013-07-11,6.073059036890619,15.72677916689655,4.324291390411885,2.7054364895863854
2013-07-12,1.3588317226309163,16.607622092583792,3.509178678914871,2.512998411036518
2013-07-13,17.83396018679982,14.845168901681479,4.168775391164238,3.5272881301127583
2013-07-14,2.3429136919005025,15.658451085088155,4.281396669936533,2.590179323821553
2013-07-15,2.7843015116728558,15.09705100263142,4.298792674083303,3.027814890295665
2013-07-16,8.769701704231892,7.292943594941496,3.8604462418008008,2.505212984905322
2013-07-17,5.3536584880185245,8.095514163159756,3.9201694990701634,2.777775890198938
2013-07-18,12.91324224058662,10.720130411940636,4.496680328524445,3.2117507131845655
2013-07-19,6.745121193501468,16.183804698719754,3.780687294663735,3.0150531398453997
2013-07-20,6.3896378767430795,8.363222512060617,4.330112087320486,3.468501725151144
2013-07-21,0.6523253387665904,10.517389675990358,3.7615752253557924,3.0577591173813388
2013-07-22,1.93193518595009,11.440508988709512,3.8387744316126913,2.4923079608008165
2013-07-23,2.4736966096068875,11.365862904151994,3.9711592980480503,2.9371609766125086
2013-07-24,2.895550888521916,12.173389429934764,3.90823253990197,2.399806962803226
2013-07-25,1.4996104075505503,13.970913309143581,3.9533602851088276,2.86775205547014
2013-07-26,3.558354255446614,14.830903173173823,3.9475463707925593,2.6667652559229515
2013-07-27,3.9175107075316293,5.714732145083299,4.3104097780962265,2.9927969301922257
2013-07-28,5.1123131860579605,6.457133605151403,4.649128019045727,2.5689224269791895
2013-07-29,1.2681904704608211,17.392752631269936,3.549624755772715,2.2526295673254375
2013-07-30,2.308922773853194,7.679718146995212,4.168667920295177,3.307253723316451
2013-07-31,1.3607783401267244,9.959149512387388,4.089679016298056,3.2790798017281535
2013-08-01,6.118919097213863,14.243518647074335,3.6564494939751193,2.35849134584727
2013-08-02,6.29447592214526,11.546182627005361,4.187984923913225,2.3538821325837973
2013-08-03,2.9597094294472392,12.16957429093214,3.8236136249026824,2.8057898620811055
2013-08-04,2.8443236260513682,11.072306363126014,4.2345427611965265,3.4023627041464555
2013-08-05,8.942452342162746,8.353914118567078,4.04111537389395,3.0376727527541147
2013-08-06,2.866086033951603,13.912978216862943,3.9872970345856875,2.9445392998931643
2013-08-07,2.050701159482868,3.402861983634601,3.9791922125243158,2.3575736393942774
2013-08-08,4.745013579382718,10.374405106493313,4.158489968895743,3.002993017091853
2013-08-09,2.9356232121821497,12.875006476632583,4.677109463734334,2.9628384171723363
2013-08-10,4.309599835810137,5.25672327133349,3.786875942694061,2.345675811938193
2013-08-11,7.72083529249937,3.9150302574703186,4.381328137558565,3.7852369141312723
2013-08-12,3.708746426176936,13.194691276784187,4.4235544755070935,3.256253510595973
2013-08-13,0.7069375390393489,4.920740834343015,3.753660075008639,2.729486136897288
2013-08-14,3.2238558526622345,4.915748012397313,3.6287247944158607,2.865051206509205
2013-08-15,13.134225587755596,4.086264791589601,4.601036750026613,3.6036520816612163
2013-08-16,5.585873153259122,5.026912978749923,4.022012856935368,2.9948194490940327
2013-08-17,6.073184935611001,10.361035567508967,4.156752800147943,3.014700266367971
2013-08-18,6.339400666089562,8.476397136499973,3.847075052469687,2.4433523600244826
2013-08-19,4.584088381401281,7.688692767972945,3.958998894038178,2.496522546767399
2013-08-20,1.8905088849788387,3.642181241744085,3.9128143313926045,2.7668400889973706
2013-08-21,4.715835063076948,9.056157073448905,4.159404450684872,2.958334403834896
2013-08-22,1.300213462302943,9.293837072234815,3.9350584752629967,2.5598977245950394
2013-08-23,5.016226153373648,4.790917382421281,3.634924409669917,2.428094605088651
2013-08-24,3.2160926907491563,5.205988702963528,4.1389794761101015,3.046285283059985
2013-08-25,1.535042257059234,9.090051382972074,3.8937175635766836,2.839906110462927
2013-08-26,0.5513525983252965,7.482095742469949,4.135945507553393,2.7399707624359984
2013-08-27,4.25354160221073,6.672547944381618,3.88653267148991,2.4260498308050584
2013-08-28,5.151273627924054,4.562349064283406,4.124401699247285,2.5328913001057916
2013-08-29,1.1181433592720544,8.93708722069146,3.824978956788414,2.951607867096987
2013-08-30,0.8175060255293908,7.380250092846778,4.058358599115463,2.8188584007858712
2013-08-31,1.8673744870268059,9.017120104021425,3.950724292918508,2.572113530241267
2013-09-01,2.4559818997936307,8.757270417895398,4.064043459245622,3.3031020168613714
2013-09-02,4.597189225701406,5.268882450612529,3.741800871771342,2.812226228097843
2013-09-03,6.040352770310063,9.431811836832473,4.320698097170887,3.366932114383166
2013-09-04,6.488176185690925,8.488474552293816,4.218854344184488,2.850535358200135
2013-09-05,7.337402280920228,8.618433766842875,3.7112568169819724,2.3846246987476345
2013-09-06,6.703582776723762,10.337017561677552,3.7263950782608237,2.8570847790531797
2013-09-07,1.9601804300082475,8.841268865092825,3.9280314303457597,2.791086879608563
2013-09-08,4.248612584062631,5.747233667174582,3.7390507505570314,2.511587512596214
2013-09-09,1.486742088169193,6.700279528864274,4.141654847992743,2.8987246558068778
2013-09-10,2.2529376838736606,10.902542287064215,4.137888877019684,2.5567177401185326
2013-09-11,7.040120125678954,7.136264868199869,4.090904599565075,2.7717162940997095
2013-09-12,5.115102289256766,5.35743924924623,4.705825556837284,3.0563627221121963
2013-09-13,6.760095457724211,1.329509458573102,4.447581558874335,2.913925281611854
2013-09-14,0.702616373395765,7.257017243597387,4.060136806985208,2.715870965261199
2013-09-15,2.0305935865503697,3.4583543886304544,4.25120273175845,2.8332446982983064
2013-09-16,2.801325958380638,5.871339421707766,3.9492739106327845,2.9284704677140394
2013-09-17,2.40746152476918,3.8530784727267258,4.113743375825374,3.1203580947417167
2013-09-18,1.6958026629556626,7.508155077163865,3.8727564987839975,2.6625913947227593
2013-09-19,1.9365417519639871,8.392314806965045,4.280380485658217,2.9362844828689716
2013-09-20,0.016222145736515255,7.069836659248692,4.48016182514346,3.5633412275561835
2013-09-21,13.312961067753122,7.208145640779307,4.237486415658203,2.9397388070060466
2013-09-22,1.271044908346885,6.319542783843949,3.8326232667017432,2.7467965624150805
2013-09-23,5.862026380780525,8.857157504700622,3.973102405506999,2.9759455519916407
2013-09-24,7.112436665479182,4.770423642358211,4.225262958120847,2.6629468755033194
2013-09-25,7.509595138257166,1.303648800390691,4.127822361988686,2.9603732862884664
2013-09-26,2.627500205493022,7.666450314092398,4.252016466073158,3.1195281703065088
2013-09-27,6.3599240479949675,3.63834502594671,3.897775521323629,2.4759048033406192
2013-09-28,1.2318261065954401,-1.5816497693398315,4.098646878320582,2.9626686463765517
2013-09-29,5.9871830914035185,-0.8746747430961044,3.8444518333884683,2.7651644224852325
2013-09-30,1.1413209694401085,7.302001759675291,3.76364790510386,2.7537898169171333
2013-10-01,0.9569454948185401,2.8051790020144662,3.8804523164392988,2.812811192224315
2013-10-02,1.5760417406747056,10.579482449111088,3.9626202345504073,2.9372088330531794
2013-10-03,2.300424477818936,5.778503460402078,3.968298165733109,2.7935145964999912
2013-10-04,6.629875449169315,5.5510755696271845,4.262782658880767,3.2521918968974592
2013-10-05,4.903292781234367,7.684329369047653,4.05557688674804,2.462055237269605
2013-10-06,3.9196638752830992,8.250902817528969,3.877530769773923,2.6947755474677546
2013-10-07,4.564882908607559,3.8549291820400367,4.19276049625737,2.5366524161487387
2013-10-08,1.0808772078567517,2.392896343641996,4.038869640166379,2.5203690270864265
2013-10-09,1.5155474717978643,1.6107467801497464,4.392714177291237,2.924859077316778
2013-10-10,2.4135270014077985,0.40226749310754073,4.132483370825392,3.456733745651644
2013-10-11,3.2160888797868226,2.1651474174433414,3.956577192374454,3.029187990277263
2013-10-12,2.7775427009018823,7.433636199977316,3.8495915910966243,2.794378545437449
2013-10-13,1.3229429397135368,5.575638533008685,3.485186908479063,2.2877199214464627
2013-10-14,1.0702374325845108,3.1140665285055826,4.021337539983816,2.8522934897600094
2013-10-15,8.668780100667252,6.420578586143783,4.916055466507291,3.8647567738144017
2013-10-16,3.283971751571226,4.744386171428168,4.856292999466014,3.670554260972995
2013-10-17,8.061084247070623,6.302013864148938,3.9452161154432694,2.6374155639784553
2013-10-18,1.275634483045402,6.723933349322625,3.9132470601935996,2.8462891391303073
2013-10-19,1.722236641208094,5.066322942598783,3.854580779701051,2.4765983403129135
2013-10-20,1.3966525370175922,5.6877562725293425,3.7529054117702314,2.9710464581110196
2013-10-21,6.310040688337483,9.708365400238232,3.7990896733571957,2.503224967509754
2013-10-22,3.015949986591528,6.410160004471118,4.13938301672383,2.8391414998389743
2013-10-23,3.9478833579206474,4.4823822370878545,3.957717430186756,2.855535272190952
2013-10-24,2.4599814291054787,5.963810569202353,3.582503270581686,2.632160572428575
2013-10-25,2.486365108273422,3.3896844745562515,3.6955014842494207,2.6557121108866006
2013-10-26,5.06914455506913,3.792096377030394,3.4703587294697105,2.5046763568532104
2013-10-27,5.902331600843371,0.818129806709317,3.9857510522302224,2.8300341701455896
2013-10-28,8.517188987489442,6.269862689851121,3.794875844626962,2.5407582420243897
2013-10-29,5.218835196110605,5.685092326501486,3.7987439564982823,2.6684250549197266
2013-10-30,4.820238892640335,2.8798882729542075,3.7320379066161546,2.5760017011128182
2013-10-31,3.954226499123495,4.645730312764642,4.103031076887485,2.8930683154011776
2013-11-01,4.0500015996339425,3.933810900395297,3.5307142072082467,2.2405513659386997
2013-11-02,4.685151902945272,4.234834339839113,4.012572407262,3.1676078209301894
2013-11-03,4.572728695113874,2.115395025187053,3.765873164842064,2.638254443745733
2013-11-04,3.558592700186589,8.999200758786385,4.401141609843268,3.153598973927455
2013-11-05,7.5211785356803125,7.572441072781298,4.6756173319962135,2.6775361989871893
2013-11-06,2.200005980642416,6.382076608480429,4.022424544637168,2.7023238335169575
2013-11-07,1.3020582416428246,5.083717851089311,4.047096898990406,2.7200897903484695
2013-11-08,3.7884860109440432,4.151417068853029,4.07461048567688,2.849746725496079
2013-11-09,9.003843589240642,7.491294603113256,4.06241594454701,2.814094472664664
2013-11-10,6.790755644539317,6.996878245828928,3.8203592337001697,2.5634513068970852
2013-11-11,3.2207066121182684,14.400586315369287,3.8191238659672346,2.8025731412654586
2013-11-12,3.0889987819642992,12.093416376365816,4.11426900030715,2.6087836718306017
2013-11-13,2.858855413050499,9.904948331719458,3.939728810411125,2.8411084197315275
2013-11-14,3.586319610003592,1.983890297629551,3.8389574666894593,2.4982386113379746
2013-11-15,0.5404550026900953,9.177454867654744,3.4405248805182977,2.331184976140345
2013-11-16,1.617306756992667,3.5256388974466883,4.62399878619504,3.2955190945634616
2013-11-17,0.3618784359726504,6.5665707983657375,3.9042389543801312,2.573725067633859
2013-11-18,3.3566730732861467,7.589806910765898,3.9094519319454326,2.325846541959992
2013-11-19,4.327026098281527,5.114110398662875,3.867277006808874,2.7661283188180006
2013-11-20,6.846198502860652,10.512736347364962,4.165814291175716,2.5146802031218733
2013-11-21,1.028806838392665,8.92893378761734,4.081370267396331,2.942348216400169
2013-11-22,2.9850482072234192,7.1003285774467075,3.9394972747120223,2.986428678352804
2013-11-23,6.127652571910194,10.849388443902507,3.6655579369726454,2.3113976420684024
2013-11-24,3.535428985538016,14.786721251884622,3.9218968611848863,2.682058273172221
2013-11-25,6.3302718004684335,17.17725505748961,3.8780956713779506,2.652098708226791
2013-11-26,3.1931875390148785,8.23473618755597,4.1983049477575465,3.2166782047564033
2013-11-27,0.9281379572881023,12.459243962851986,3.987350043140239,2.6237921910061206
2013-11-28,10.068010744925235,5.216671261223215,3.6882643947656018,2.80458402595932
2013-11-29,0.8511226262442283,10.969286551521447,4.038433132571081,2.893994067018104
2013-11-30,1.2891865725293434,11.898445049874388,3.824659561088016,2.8495548089168605
2013-12-01,3.00987158643991,10.366787999447537,3.757279484436212,2.6420404510694695
2013-12-02,3.022589519581599,8.82927782007666,4.155173847134254,2.584654831995112
2013-12-03,1.9810903164043219,12.948854806364537,3.906836003077909,3.317368683550025
2013-12-04,3.4241963221342226,6.794259321249789,3.428493057687251,2.5157652989309285
2013-12-05,1.4969262840203068,6.665713586959987,3.733276756002573,2.555204785631774
2013-12-06,1.0782355245392192,10.46945756621242,3.8747665166663037,2.2785072813541234
2013-12-07,10.997349577876609,6.99764612637223,3.9276710182002073,2.5654423668218125
2013-12-08,5.6422120420056485,5.597703338166657,4.06340224944418,3.186311800723638
2013-12-09,4.688903696291283,11.771838027096948,4.347263418753104,3.1547126620962387
2013-12-10,0.9778295053036595,7.822266476713047,4.085555537700737,2.851559111057797
2013-12-11,4.818766222334386,13.619431987679128,4.142542221887684,3.1864035656433876
2013-12-12,1.1738892516482524,8.57037164955256,4.354581106311901,3.2477182798205666
2013-12-13,3.1353635349516336,9.166570992208108,3.9061847094397883,3.3788968056019715
2013-12-14,12.656666301994653,9.027472544098016,4.376482271039852,3.179821965361827
2013-12-15,0.34058106083591305,13.623953493122254,4.214725326361983,2.56339929321377
2013-12-16,0.30490902654792146,13.509658291060843,3.8852521994234275,2.7396802930602138
2013-12-17,2.5120457160204537,13.036937870476077,3.743598029481053,2.5216140918825647
2013-12-18,9.388037155430338,16.015315278464456,4.29149632167246,3.4737060167061884
2013-12-19,5.695668329521167,7.9746058705583955,3.959550889228714,2.8895510260560227
2013-12-20,1.2872370145012755,12.574982030759944,3.893239506265758,2.5627958410155753
2013-12-21,2.531372280544641,6.987381100110932,3.98424845748208,2.8483378430977644
2013-12-22,4.323696612376782,11.409795121886788,3.946527463848302,2.6988490152574824
2013-12-23,4.8224708461225125,19.665239040540293,3.9735882898278847,3.0549800894538217
2013-12-24,0.9556980354002064,18.27877275142858,4.000468829470194,3.088224855407262
2013-12-25,1.318080858146845,13.897969854435933,4.183933889878867,3.43776819249082
2013-12-26,1.7122873402113725,14.592066632639584,3.9956669033531362,3.1486053158143683
2013-12-27,2.1827128582887276,13.061696110055173,3.787875303758638,2.590234738981732
2013-12-28,1.0056457300324895,15.054021209173616,4.40128580589782,3.1482785547811782
2013-12-29,1.1237580791550688,14.060333310027172,3.928048446670488,2.888466262840458
2013-12-30,3.0642273284774686,20.412505467921825,4.022920399096945,2.508238276821188
2013-12-31,1.9807359464467655,14.29211336804844,3.5649969315153287,2.3316508373554283
2014-01-01,3.8251341220693553,17.38657119199895,4.090202254221786,2.953982021690061
2014-01-02,1.681591679976415,14.850352538087286,4.191922677617477,2.7825729675535396
2014-01-03,2.1380013387182437,13.595318125370051,4.101219751754974,2.455373593571094
2014-01-04,8.892962738256086,11.177619673777805,4.013226490225682,3.0717554444960484
2014-01-05,3.1496636365834623,18.088712671981426,4.303085433327058,2.994713020575629
2014-01-06,0.2863556788134886,22.135592117224917,3.920589150170402,3.1346774608554964
2014-01-07,1.3528145693180391,14.371818286209542,3.890086793950934,3.133041742220412
2014-01-08,0.09944706675538115,20.264374211333514,3.7583407951537082,3.0252469547282272
2014-01-09,1.3725257486122708,16.75956977409573,4.270018905777924,2.9363498714025216
2014-01-10,4.667839924862095,19.893298939785307,3.8077460006693404,2.7497785115996467
2014-01-11,9.696223991280918,18.814201244570178,3.9005230134314366,2.799652537161091
2014-01-12,2.5272143153038957,15.353237178209776,4.467238644763042,2.9282873282239863
2014-01-13,2.3201450210839836,17.634013023654173,3.6680426595548914,2.5499837540499564
2014-01-14,11.796339775740346,18.82487917871618,3.9080568765133434,2.6311561359061835
2014-01-15,2.976783038379852,17.960396497836697,3.9828480788795098,3.0772578254224325
2014-01-16,1.226376064533319,22.773357724180425,4.125763702446238,2.914481635460616
2014-01-17,4.235969413125169,19.88399797530007,4.300684291685798,3.0793174256879294
2014-01-18,2.0239916409198515,16.974893965767155,4.1061243550930815,2.450858947904984
2014-01-19,4.324543791892845,16.49772478971345,4.026354605452349,3.0699934798434017
2014-01-20,3.47299826180514,21.890526488415773,4.089005928608243,2.7379334466322276
2014-01-21,1.6709675263275046,15.26197879763815,4.071676846526639,2.8410077668883718
2014-01-22,8.619701647257996,22.062100830986523,4.0807795795937425,2.720992760121766
2014-01-23,8.038157546015151,24.759091052167967,4.1617176758348915,2.7439147679099762
2014-01-24,1.9806136542264605,20.569650090158714,3.7835000030437156,2.9010441112864958
2014-01-25,1.7528339264895785,25.609506003354994,4.064206590702264,2.7829462896807726
2014-01-26,6.286913230570804,14.418944593087597,4.610441477175339,3.4539739246948034
2014-01-27,7.98460712443118,15.461194830829983,3.9442524262049425,2.4719157873514304
2014-01-28,5.4749797181079085,19.56500207996791,3.927280451417551,2.4667703246014048
2014-01-29,7.466226325899378,23.93220333666056,4.190260209608958,2.5470473737644093
2014-01-30,2.01223192602621,14.506274541392742,4.257203431084143,3.1764320467186815
2014-01-31,4.835776546155689,19.0095139455404,3.8136083995999233,2.7748302843796866
2014-02-01,3.036118035237921,25.260229577975174,3.8392976907284497,2.837375669501302
2014-02-02,12.455909118400214,17.200000768683616,4.477343177829237,3.1180826900753837
2014-02-03,7.265157531560897,24.60720615134792,3.5102719247193783,2.6155160615095707
2014-02-04,2.489774492201584,20.118693518778027,3.788170449734946,2.5745419084838512
2014-02-05,4.94964006528431,21.639182787116138,4.0946550816861365,3.1247561950816256
2014-02-06,0.8455453170063036,27.021498945756907,4.070657123848334,2.780918294319697
2014-02-07,1.0510253385463728,22.326097222032278,3.604998697777159,2.8867676214038323
2014-02-08,1.5785216635458608,21.418904708813972,4.08570281935263,2.2777601684904925
2014-02-09,7.9811445526510045,20.838272425344346,4.0466160100988136,2.5728527560930807
2014-02-10,4.470990772631439,20.03240849416767,4.205199698283245,2.665206363439424
2014-02-11,1.9513364517184133,22.019882748590142,3.7745873273991326,2.2092539303394894
2014-02-12,6.920050041525919,24.71187702377748,4.01027368768443,2.64712018987949
2014-02-13,1.3977633434233867,18.259011205730047,3.712730764402468,2.6349126361481656
2014-02-14,3.7114829740937325,17.471220604611,3.8107771880222647,2.5600977280987505
2014-02-15,7.638635573249868,19.893317338328266,3.766254518132968,2.6840339988974993
2014-02-16,2.813367615062841,23.035879402528543,4.152685938731184,2.7138244259983275
2014-02-17,0.43649544225936765,21.545210359765285,3.6651784525789863,2.7747431179774025
2014-02-18,3.614777078032435,21.76458428124436,4.070784642598776,2.6719918161769547
2014-02-19,9.95413324285387,21.879216944653265,4.11532715553987,2.7301250439629756
2014-02-20,11.303425953053093,23.198644901950697,4.248246154424717,3.072526942932089
2014-02-21,2.438648519471104,21.52820776578849,3.7986482259681695,2.8177117974405435
2014-02-22,4.4928144591564685,27.614394423196554,3.5701011046117372,2.3754295663719294
2014-02-23,0.546435437666418,21.08068278147994,4.030899354767179,2.9419767246362527
2014-02-24,7.194016291876561,25.722343999368746,3.844346771945559,2.618683960196832
2014-02-25,2.3126987284116938,24.930889079176918,3.7540257144227827,2.526104294534911
2014-02-26,2.2476088411084145,23.654900990297936,4.44907865668972,2.9112999051454773
2014-02-27,3.7259753745462354,28.9680778899643,3.6165430122886755,2.629612092624862
2014-02-28,2.415824105638022,24.386406166293593,3.604186103380666,2.571260480536624
2014-03-01,2.8534090462549906,25.94111583478029,3.797280391041294,2.348655052361114
2014-03-02,12.132189089615515,27.52831177928046,4.131614396989086,3.1803814502782357
2014-03-03,2.3841924042110536,27.822853163761714,3.9482430527278125,2.6872049302391607
2014-03-04,2.7501866469932557,21.947791706955584,4.187058648382072,2.9638401185274725
2014-03-05,4.26128726829805,24.20093032971746,3.603036879236044,2.6692989800281754
2014-03-06,3.318530867692802,23.995034786051388,3.9771470619606752,2.6796586772207363
2014-03-07,1.1361014069388133,20.479790699301542,4.095886292290055,2.7460825419817345
2014-03-08,3.257944284492586,28.811561253455345,3.9972475944717125,2.728101227072832
2014-03-09,2.6615541014073854,32.502008050661985,4.115612238443036,3.003916125091303
2014-03-10,3.922629437955043,18.347048788427347,3.7712781388776513,2.3887924192704335
2014-03-11,4.718889265765616,25.11742073768758,3.413081055915652,2.0346578201132535
2014-03-12,4.138639521298329,33.483563362235024,4.46999260675987,3.2389174000227974
2014-03-13,3.9137953660501554,26.38884206019909,4.459250954641236,3.111140993316404
2014-03-14,2.6802010314406246,19.454444028142277,4.2199968641604295,3.578349403630304
2014-03-15,1.527071864204556,21.4523660353613,3.8517702050654226,2.4979487492302224
2014-03-16,6.94136751796937,20.38037384795747,3.775648666706365,2.2375544340914417
2014-03-17,4.118760630064577,23.929381035402404,4.263101532781647,3.412360005865876
2014-03-18,3.2224658128258565,23.69157504276668,3.597254674042905,2.3251606096880777
2014-03-19,0.889811157956519,21.458508816175506,4.103619804234397,2.6764275053061577
2014-03-20,7.58006728834529,22.741051700477556,4.418904577223157,3.2580723806191125
2014-03-21,4.906233811156881,28.84885279625061,3.936805864173005,3.0633920177386234
2014-03-22,7.096282981018294,22.479598943287193,4.144479194455443,2.6450224722919544
2014-03-23,2.4569377247688102,24.581673572995165,3.7217173834659563,2.7560337441701375
2014-03-24,5.807214672477163,26.347502765082183,3.833021178926736,2.774661070649577
2014-03-25,4.424795608911733,24.36385673184893,4.446337147875036,3.0601020799059415
2014-03-26,0.759310917627887,25.309226519312997,3.843593771536803,2.390860518567852
2014-03-27,3.8693884006570545,21.793673176654018,4.325737291440886,2.9300673814156153
2014-03-28,1.0118508469392948,23.2259646203342,4.118591639491516,2.5059220839060607
2014-03-29,1.507489702214911,24.668416286489776,3.694525668927694,3.0360441664428333
2014-03-30,12.175968371749082,24.59329074367564,4.523915667299387,3.3695458232311166
2014-03-31,3.610857253632693,30.412245069300113,4.228627883902203,2.3340284058445593
2014-04-01,1.165025121584231,25.201740237573887,4.039700102476111,2.646478088959811
2014-04-02,4.480687529900661,24.282641346135122,3.805339686102651,2.9821362917786267
2014-04-03,1.4597815891463637,25.76238630147889,4.027394647639645,2.91610694190591
2014-04-04,1.9373677604102728,26.26850521192073,3.942872389991873,3.2068054984881926
2014-04-05,1.0620194885962275,26.00236960383886,3.8887846460078195,2.5508205988043215
2014-04-06,3.394321480789641,27.565475024289114,3.6716680422653822,2.5669661695514567
2014-04-07,7.997969449351203,23.01374571131669,4.200263341696337,2.8589328431074463
2014-04-08,1.059527443777925,26.453663899784694,3.9730344488956235,2.9316775417723173
2014-04-09,4.521878108227654,24.904794758512516,4.779384772238973,2.940797917774042
2014-04-10,3.0014255093631186,20.276476534468085,3.8560028130783817,3.0514854552256514
2014-04-11,2.8243861693323424,27.629337457469234,3.590946130268598,2.429194543793304
2014-04-12,2.2166803283872483,24.466663023438752,4.419436880686489,2.680191471480506
2014-04-13,4.586498063433763,24.43589612978667,3.9533462518533953,2.834037733983035
2014-04-14,3.822998115405813,25.986312063946993,4.123483779721104,3.0944578030760703
2014-04-15,2.9563483039342002,24.16422746916454,4.418469004030631,2.7381172288001885
2014-04-16,3.5178591113333986,28.31661804579182,4.572018766282076,3.9171395357005934
2014-04-17,3.6745623786981447,24.14311520899257,3.726914945522895,2.5132931960740925
2014-04-18,5.594429058814203,22.624061947825655,4.148720540313224,2.960933941415865
2014-04-19,7.756704502289629,21.876509199001795,4.068559131512493,2.8932137585392015
2014-04-20,2.3003976190779483,26.68327299955162,3.941935737376914,2.7874525658294393
2014-04-21,5.452152651234153,25.117687882357085,3.4546463686704896,2.4011287034460995
2014-04-22,7.430861767371963,19.15380051992149,3.907371341132331,2.905214227123147
2014-04-23,4.28137655454304,28.31351838312067,3.855932178553565,2.228019932871831
2014-04-24,3.8751246444435115,22.24651472639274,4.273497335073329,3.5154909193884256
2014-04-25,0.9431829588830354,23.501898577717125,3.619383877458191,2.1442711771948635
2014-04-26,4.334451745028654,27.01733986109319,3.9526941974847865,2.6570327154662494
2014-04-27,0.5031521708968691,24.99363347747282,3.8173933448162556,2.500264019482203
2014-04-28,7.139586257868276,23.919468651665458,3.9697351585487595,2.4890956319294912
2014-04-29,3.08511581141867,26.208954927975817,4.054011027680615,3.0218080806855574
2014-04-30,3.905870999124319,21.058523297878985,4.217592110808559,3.0863863021719586
2014-05-01,4.724686633462789,27.786815374726118,4.00576922820453,2.4372676516456036
2014-05-02,4.8826585919301015,24.539495642688387,3.851606929863684,2.6211403016986505
2014-05-03,3.3017263839955713,27.604517823992165,4.330712771169509,2.8653505597629563
2014-05-04,1.6740003629873976,28.273825158150316,3.6474655308283017,2.489838647854961
2014-05-05,4.541621118870072,28.126716323412126,3.9361017556085627,2.7223923462467083
2014-05-06,0.40743298981510573,30.00950553196631,3.600979220029079,3.0367856268366547
2014-05-07,1.3509055503254797,28.892609189470477,3.838780237440083,2.5523067956490406
2014-05-08,2.1770669824633626,18.70648323565758,4.345255747732745,3.181157182446411
2014-05-09,5.540235905898229,28.457852488824194,3.674915687146812,2.4792351075000223
2014-05-10,3.751346693983307,21.23656485163984,3.9075751264608978,2.89646731788076
2014-05-11,3.2502600159873154,28.247407324364126,3.866191294820045,2.7639824797233694
2014-05-12,1.3293727538784579,23.005283718429652,3.951230071816095,2.98069185161808
2014-05-13,2.517061117095036,25.617465432002707,3.80586698422364,2.7883141272234835
2014-05-14,2.2757500724419812,19.667995982992775,4.33723598374312,3.0189559127615717
2014-05-15,1.948893738750297,22.6798694361625,4.6299278819884675,3.035754347297456
2014-05-16,3.870017624775329,22.59640770884217,3.7212560962144465,2.7773075565821803
2014-05-17,6.6304464957863525,19.74981405102363,3.8003389919214454,2.4416760062710545
2014-05-18,1.792500717257702,18.418948842267536,3.8879368901757876,2.525350179538294
2014-05-19,10.630290088307182,20.218015559393052,3.9080794111540733,2.721530483396013
2014-05-20,8.056424107595358,20.218579862999565,4.193959156565115,2.7243392054893762
2014-05-21,2.7718709390850726,21.249101426892356,4.5696696451422385,2.9423254083734087
2014-05-22,4.237060872189739,21.3716499974007,3.9355928866088123,2.5463107677452737
2014-05-23,3.3747575231417026,19.57517725249661,3.9822347707806434,2.860429747226266
2014-05-24,3.21988494255221,23.887511172663974,4.025658055639063,3.0745738576336867
2014-05-25,2.8667070925790075,22.10889658915024,4.097993452236813,2.739852275157378
2014-05-26,1.9463255675166258,20.74416782793072,3.8652865815155355,2.4870662401812145
2014-05-27,4.700949731986673,22.021280488671003,3.9189926142143365,2.680158294185284
2014-05-28,3.336076793909188,21.607814168484513,4.414678021475736,3.1976011697493725
2014-05-29,0.8714156656051657,20.163613701348243,3.996476095111207,3.091292384801256
2014-05-30,7.476977166526314,23.82175141044661,3.557854979967548,2.3317456014777385
2014-05-31,4.277710615382095,20.217273646338224,3.7340968409057944,2.6649290070644778
2014-06-01,4.704551434601927,17.080085579460576,3.9874488804206965,3.0435560534660113
2014-06-02,11.787614368616186,22.41354343790366,4.128853764446667,2.7168009656820384
2014-06-03,6.009001809936642,20.769231959201907,4.647272800497808,3.324704703804272
2014-06-04,2.2377422060094845,18.66630065842388,3.7845166208083962,2.569917935337955
2014-06-05,6.817383651102331,17.295906233898624,4.219071771832756,3.34858676932194
2014-06-06,9.279929054904702,18.73036315273982,3.9837723607676083,2.7386645362414357
2014-06-07,9.994710508380392,19.852645082004873,4.250663195919438,2.7748349479996124
2014-06-08,3.495506538269166,12.101534188913567,4.0164439043235936,2.6239812339025037
2014-06-09,9.079011892792249,20.445145590588996,3.574649901803795,2.4659889604203644
2014-06-10,0.6840529097627818,19.703461746729438,3.4869080379204154,2.528613865535924
2014-06-11,12.043221378226756,15.26412120202844,3.9274109474198236,2.620816265083862
2014-06-12,0.9865779943003683,19.957757744718165,3.9512573312127732,2.8251996368219694
2014-06-13,3.290161882497497,24.025482275814056,3.929986140231256,2.695655155013607
2014-06-14,3.412396794686456,21.44417764551315,3.862103322653596,2.632188085625472
2014-06-15,6.870841170629411,19.589987326430666,4.161416051351623,2.5588765285941895
2014-06-16,2.6029186340159094,20.984594809309495,3.9724923360379325,2.74116261645894
2014-06-17,3.4941623871310377,18.966276545025146,4.110479755842085,2.6728471973427816
2014-06-18,4.878038156336991,16.347463769663893,4.063182195597246,2.3762876056042717
2014-06-19,5.430358081833491,20.868341703928746,3.942686812235556,2.7175714779882822
2014-06-20,1.4228243072552682,12.959898924721612,4.222084523454234,3.1852813799064976
2014-06-21,1.4539168681064285,20.70846755674762,4.050631616982679,2.983858091612983
2014-06-22,3.5776349492940205,15.91753340352494,4.61559776195242,3.2294326464854883
2014-06-23,4.047709527561517,19.777105226242856,3.9792432799507553,2.8779324650939837
2014-06-24,1.7622462374217767,9.598802360524676,3.8661641461458065,2.575159516144381
2014-06-25,5.8544043254348725,16.3694768598085,3.8456925004640383,2.7146606134293076
2014-06-26,1.9180010475810336,13.801351426662148,3.8961794702297685,2.311007021650429
2014-06-27,5.015895066477489,12.566539454194135,3.9221810103089534,2.4391618201762553
2014-06-28,3.0223251741928783,12.682560057905159,4.079536057875351,3.103689306972981
2014-06-29,4.921715680757854,12.783128442590218,3.8374654546513556,2.9933505703541567
2014-06-30,1.233760465899089,13.098099640503161,4.417226318916053,2.9873555706131154
2014-07-01,2.3529105955893397,19.668112413497848,3.447819938817395,2.4889146401998974
2014-07-02,7.276150428696013,17.28620444688678,4.275190679498746,3.088684486199895
2014-07-03,4.113533469245908,16.806328033204817,3.7342922377128884,2.424244553342713
2014-07-04,3.04815560211493,12.45200865652471,3.9472499564400185,2.6890377757363066
2014-07-05,7.179071753706645,16.50086455265176,4.250805539016111,2.9973245296927487
2014-07-06,1.6415643565480764,14.272120051171823,3.923783450137536,2.6527560395912895
2014-07-07,4.396608752976179,16.048357962042648,3.689685911799235,2.3513088916511746
2014-07-08,1.3276561892169445,14.916220373490994,3.9164056861089107,2.7305159120513243
2014-07-09,2.534807446194489,13.728540851818202,4.310796020944501,3.3204198992391296
2014-07-10,1.0864167840917365,10.59779981620651,4.285124126544975,2.705551992855926
2014-07-11,11.630786183324863,17.28952586510897,3.664971154434172,2.7486093650210472
2014-07-12,3.7952785220391148,12.82217189983416,3.8190626418540177,2.676533623643649
2014-07-13,2.802607039041199,20.96565500035415,3.9021170603019857,3.0978500069197272
2014-07-14,3.756865043802495,10.199405022041661,3.4933186835035803,2.4665115114626945
2014-07-15,5.357499978750944,14.316795189692783,3.6625806043030273,3.1449607393927552
2014-07-16,1.7615838872340577,9.833332228473413,3.935002764674846,2.6462072996272514
2014-07-17,1.6816348611654257,18.939369736756653,4.11826140636779,2.650054222210954
2014-07-18,2.9178438588787983,13.026298854831666,4.514014554928854,3.594957768960319
2014-07-19,11.998930912773663,9.059610269512175,3.7798684746036435,2.4936132756641283
2014-07-20,1.6393722284532972,14.245743037589545,3.6311335090053474,2.5339329369398476
2014-07-21,8.543278629018745,12.688408967826016,3.763349146765774,2.721286091333443
2014-07-22,4.808309796300114,16.96549126740017,4.384714149864866,2.8733860421077617
2014-07-23,8.071839737927988,7.529814377153272,3.9608405290383097,3.222136965357199
2014-07-24,4.133367047143718,15.68440080381353,3.743673715488699,2.3755791608021783
2014-07-25,1.419603551822357,8.735971355031669,3.7001940770053334,2.5455355489791147
2014-07-26,4.751289784558948,11.445196862317792,3.9056498341643873,2.7263875919513665
2014-07-27,2.4670215951944594,13.401268346186294,3.6937805723111397,2.618893869316068
2014-07-28,1.492245555287206,5.921904033131665,4.3513548671515485,3.0954742666189965
2014-07-29,1.908155741820932,18.270495801031434,3.999437029397811,2.6635728941588526
2014-07-30,2.5586443634552953,8.98214686920236,4.323587890424083,2.681001947889229
2014-07-31,1.6978452862924658,15.589549505513784,3.965544786841893,2.292944139550342
2014-08-01,1.2034536978679709,10.772047356547002,3.7376824608710644,3.0271479334646596
2014-08-02,4.025434669773966,6.842352447027999,3.9461034938851727,2.6812062332054962
2014-08-03,13.708103930864029,7.669505003451422,4.1019755001648415,2.470997029499805
2014-08-04,6.418674593649201,9.142640241568373,4.21171607737966,2.503648657784748
2014-08-05,7.98730260082509,10.198423936612969,4.064857704824796,2.5283827366907206
2014-08-06,1.7366435992652678,8.47166731596099,3.7819646419387607,2.3217089906377955
2014-08-07,4.005216848016965,11.260846969305607,3.721613896022839,2.7890184381072447
2014-08-08,3.7454534864685773,7.971225089022144,4.09868506806066,2.874681388444865
2014-08-09,3.088180828655834,8.522251380064585,4.887343626419893,3.324440037587565
2014-08-10,8.631136438314044,11.717653075820577,4.589463501132415,2.96215614635952
2014-08-11,2.1482624233472887,5.085519038184323,3.901078011433599,2.4862421609140806
2014-08-12,8.1830475363816,9.59615206183223,3.848560187033517,2.8213698506631473
2014-08-13,3.7163032184770226,11.535558401745506,3.756891739811436,2.623656358358647
2014-08-14,2.1024490559586377,9.028715441137702,4.2368645721899725,2.7294428010745015
2014-08-15,0.31845036711863334,3.715779005696895,3.8323118542139074,2.631188977868588
2014-08-16,5.303831103186206,6.629963475534936,4.206727219889013,3.141241548738834
2014-08-17,3.307120307494863,9.645922186798085,3.6053449480378617,1.7999843777525584
2014-08-18,6.487417778845667,9.021275953136728,4.145427383275382,2.955020897803335
2014-08-19,2.2686889768510916,7.226474681196011,4.2576408511251005,2.8511289885235565
2014-08-20,2.6875394001394177,10.138905555031462,4.41387135120592,2.9161774786265635
2014-08-21,0.9211211374583461,10.002294744659482,3.946990756546445,2.84806200363279
2014-08-22,3.2711573662575506,8.678085469182113,3.9438659530511266,2.712368480905935
2014-08-23,0.7678490898022368,3.9693336946841424,3.805623100694713,2.699640679654947
2014-08-24,2.6400074294128935,7.5975598144890455,4.0190149063703595,2.8709190903018755
2014-08-25,2.1240548159944166,11.252958577634544,4.1835174786841405,2.9794754918720217
2014-08-26,3.326715339235489,9.410362345988279,4.207438527396156,3.086672661075869
2014-08-27,0.6875506345134195,1.6417950096816547,3.9885694007594092,2.777119327979072
2014-08-28,1.4158957658566507,8.753269514171059,4.12555912242744,2.955950927702991
2014-08-29,7.225472414703185,6.001946848569696,3.9852223784381824,2.899190942473825
2014-08-30,5.111475818701526,6.893406007141751,3.959115327830026,2.5506662262449016
2014-08-31,6.5713809125413905,8.608301691444685,3.8349826751556306,3.0748171016058183
2014-09-01,2.55342827904455,4.586207121415108,4.180949577995513,2.6421607139896195
2014-09-02,1.03298098322506,5.548547871676194,3.858384042659486,2.7202150600902235
2014-09-03,5.376395334922954,3.17811490697142,3.98627282635224,2.7096657356221443
2014-09-04,4.110600364954044,5.4341684618418595,3.918399809915849,2.475353934165903
2014-09-05,7.484269413286577,4.418659674346712,3.9514034431222256,2.635955300138844
2014-09-06,1.167334832980818,8.474370070493771,4.067718142560113,2.856161269592365
2014-09-07,5.534879073008495,4.624219886327913,4.612602022675833,3.0579686772415404
2014-09-08,0.7913118914739655,3.652580815600336,4.527685362724074,2.674598153382945
2014-09-09,8.50722586942117,3.869912532463232,4.335377327387188,2.8785553708250284
2014-09-10,4.225317357276014,7.262221720940069,4.156255943545709,2.9023503734284426
2014-09-11,6.583485143924788,5.472673425056134,4.281013779503596,3.3223676936511453
2014-09-12,5.1075573351461765,6.425844040060418,3.6860321954893696,2.720288897115043
2014-09-13,9.96129685453408,7.1965092083031665,4.05630860777479,2.770227628597246
2014-09-14,5.759310758150291,9.619587933870308,3.9862452533352912,3.1913964667154993
2014-09-15,2.431231891693223,5.619123591875039,4.163078999578848,2.7340620708162264
2014-09-16,2.12729675849224,4.043652987472024,4.759784917321187,3.6091089661651994
2014-09-17,2.8155889652741224,5.518189519711674,3.6892508742821106,2.5139157811482935
2014-09-18,1.810039727897036,8.343267372108523,4.371654185322931,2.898734579549635
2014-09-19,3.295498325535038,1.3122075501832668,4.304845330610169,2.5558966833690104
2014-09-20,2.3474903497436173,12.277736551542883,3.7534213156697933,2.2899445769100657
2014-09-21,6.622160128874734,7.674053072106877,4.144965240580698,2.8355034508175594
2014-09-22,3.523459739868391,6.647574036754117,4.22319414680521,2.555764340235264
2014-09-23,5.924384771706114,7.060881382529024,4.295152037613764,2.2060049506367636
2014-09-24,2.9499586058001874,-2.161638194838318,4.228054177381876,3.0005766849911857
2014-09-25,0.7996251306010076,-0.41106352728425843,3.864356984891961,2.939002982481465
2014-09-26,2.27475461611293,4.143415604291387,3.875269961319439,2.6819993500877866
2014-09-27,1.8576558419019196,5.144298500275891,3.62221928402975,2.1462715039792224
2014-09-28,1.2655769716509218,6.557372743627169,4.009312486032059,2.70261982487172
2014-09-29,2.7000427184617823,7.332703690994118,4.527006776108347,3.080262340749373
2014-09-30,0.4466390267027106,4.992200251364388,3.8349173555907754,2.44712812284793
2014-10-01,3.1933940293737555,4.959730058766526,4.101808164976299,3.841187014689819
2014-10-02,2.196212151562677,3.337813157769716,4.470037384550197,3.2694433191002634
2014-10-03,2.4548074016252945,8.896049508014388,3.688870205890085,2.8466439860302737
2014-10-04,1.6639906256874573,2.830251925036702,3.7189178765036983,2.4264442017177554
2014-10-05,5.204813779307093,2.9563746952312666,3.817193927119212,2.659508212290674
2014-10-06,1.7604207827363128,4.009451999987968,4.006862543603403,3.1528939762711063
2014-10-07,4.826760448664325,7.684037988065235,4.45214109124958,3.372363439405626
2014-10-08,4.443208779397887,4.600711120755704,3.781847632057954,2.7016373255383432
2014-10-09,4.898723966891526,4.204808899737033,3.954451369874864,3.0642676545126015
2014-10-10,2.755236926314468,1.6988777268345379,4.078129751066311,2.889570981488633
2014-10-11,6.063643225871615,8.059934640198389,4.449944692042197,3.143551868269204
2014-10-12,7.499886476762587,9.359283244775519,3.774219362390442,2.307572817373626
2014-10-13,2.3920036628589436,9.687447532204116,3.6562016340966483,2.761634551933998
2014-10-14,3.2047852410743034,4.947737542541047,3.900501190813618,2.3744386360332514
2014-10-15,1.7575651992561874,12.667900017898205,3.6619863990345953,2.5676877117933463
2014-10-16,5.515447024383103,0.9984352162567491,3.7540985618319733,2.7515254931950044
2014-10-17,5.721766488663968,2.625175470373356,4.102228266509866,2.6992235227699575
2014-10-18,2.1468839214447284,0.870611095255649,3.4811379222491894,3.0518112875730368
2014-10-19,5.41762018378402,9.244107540487324,3.9375284160669417,2.505449221330177
2014-10-20,5.78939832489459,5.688762167172988,3.6707180476069783,2.4284532519066433
2014-10-21,5.828550380977194,7.867592181285977,4.29614406416777,2.92238323613697
2014-10-22,14.92003672665358,10.213166025682586,3.8682921226982216,2.984067345060314
2014-10-23,1.2091819988911054,12.921158159142468,3.8215996379230934,2.653668481663135
2014-10-24,3.318206757913183,6.32786075630169,3.8670066529896583,3.0878077756046527
2014-10-25,4.921293065956618,2.307042319130965,4.207182274074312,2.975944645965438
2014-10-26,5.90431318164796,-0.05186529944337792,3.9013222929936586,2.8681814811438247
2014-10-27,0.17288047642160376,3.226225501758341,3.7036793652519653,2.874862242308542
2014-10-28,6.417839894702183,2.0762305764563034,4.309899051170789,3.325332810041382
2014-10-29,1.6203383564998686,6.201382239964547,4.047635223113377,2.556609091162044
2014-10-30,1.3330803837746419,6.807690271440336,4.421645291873364,2.963876463223289
2014-10-31,2.844853786259291,7.60068114528823,3.5507121647507525,2.3385981947287293
2014-11-01,4.152604189124841,7.550001150614474,4.430528019722176,3.2060173742514255
2014-11-02,2.1615025341123673,8.52361823450896,4.016767328654381,2.9958921454458536
2014-11-03,3.8127709312048785,12.590753794760193,3.7887242627122877,2.493329840043166
2014-11-04,6.013064208481325,5.590686259937368,4.657387462307344,2.939066760696834
2014-11-05,4.930274063602099,8.32352763635093,4.6259276865928545,3.284265847618
2014-11-06,0.6605321917813916,6.36756106993905,3.9317678256804407,3.0891183484229643
2014-11-07,4.493708855604484,7.300742023886349,4.325042183910586,3.0704028268812307
2014-11-08,5.689588890639368,1.377448176236454,3.853973856408645,2.6728113594401375
2014-11-09,7.704643340385268,5.7039277119668395,4.029247847238817,2.892983410493125
2014-11-10,2.262401721703854,6.2618275637513445,4.333979226000894,3.8725294029756627
2014-11-11,11.906617368154356,5.473572216767493,3.5316949665488813,2.9244914198316803
2014-11-12,7.551668485293698,8.281445408997895,4.231847671672022,2.9449474801643216
2014-11-13,1.513647909359074,7.655458157934825,3.934822489340575,2.7524154312475315
2014-11-14,3.43989310436236,12.369977320510163,4.284780314050915,3.0299858248188802
2014-11-15,10.515268999548823,9.821988090491708,3.7826806507153594,2.9195452232805787
2014-11-16,3.5964939662663107,5.910719326883932,4.0251328779311,2.538163859122043
2014-11-17,0.5036328738350043,11.321190808862479,3.7379718464517118,2.6268475548669903
2014-11-18,1.851606157758449,9.606477811946224,3.7915050929219207,2.7666475347881105
2014-11-19,0.9634896486563914,4.506979577210392,3.9378413700631154,3.157906465909649
2014-11-20,3.564917811886593,11.77870133705372,3.5426532464127343,2.28020461684642
2014-11-21,6.826212432085239,12.94141049068779,4.402288472898814,3.127941292261701
2014-11-22,5.9488870445880115,10.976719041350982,3.7810908617450476,2.354221844701407
2014-11-23,3.7488786173364153,6.56535249513649,3.713935742216287,2.704956426732355
2014-11-24,5.010255595010917,7.208161494172927,4.281726411597903,2.5703763170622866
2014-11-25,1.5521795837326702,8.208814274376067,4.143490322467416,2.893702270697615
2014-11-26,2.6875614360533167,5.594124836243475,4.0734655906651085,2.72976824842514
2014-11-27,0.5086769493729512,7.314436908766131,4.254078428656302,2.3784029536620643
2014-11-28,1.9381619552835647,8.638514456403977,4.163970046913834,2.946378119695025
2014-11-29,2.207029436465358,8.31895666605541,4.119136909588354,2.6678001185750135
2014-11-30,7.516098744404656,10.60995633429167,4.101803411968584,2.9610604905447757
2014-12-01,0.5355961145026027,11.269880833828502,3.735637490006996,2.583185070458934
2014-12-02,1.6649965298709624,9.871470401144943,4.2219128982640095,3.0973623735787306
2014-12-03,0.8947979288912308,12.506493230896623,4.09933934442279,3.129768141522154
2014-12-04,2.0175569701389553,10.929278281771984,4.376151684784993,3.066639767279383
2014-12-05,2.6597059272896217,7.85867142392667,4.710394761816938,3.1663342530600382
2014-12-06,4.884809108173488,5.185841780149063,3.829394736351008,2.375582772762692
2014-12-07,0.44048697398815617,9.626626759697961,3.7445076522586076,2.5567272267660592
2014-12-08,2.14266947302092,13.745269112048016,3.865650499763031,3.215943768792247
2014-12-09,13.075388289053855,12.75670794357836,3.772111100500571,2.725940045144939
2014-12-10,5.402278628761747,8.880793838799947,4.070744095591562,2.973731705215509
2014-12-11,1.2790949779570675,14.213443214504498,4.14151340196369,2.9943865124961646
2014-12-12,2.0539794649579495,7.362429748037735,3.937777872638398,2.978627886990646
2014-12-13,4.5315595159394935,12.787157594440696,3.7726435005848225,2.8059216743091246
2014-12-14,0.9347057333237824,9.571671615361335,4.213646721513365,2.8590284217220443
2014-12-15,2.5865586262995754,13.992022965788504,4.024153966808415,2.8689267004325476
2014-12-16,1.5893102068668938,9.123938356241329,4.089357695363478,2.7150460798235025
2014-12-17,6.770902507083102,7.2310654086446,3.7540561706109243,2.5237466092269534
2014-12-18,2.0340913082927528,9.7888290566281,3.869901785997504,2.5952382424811558
2014-12-19,2.1042878983550923,16.655029700976982,4.116855917749562,2.69687420191895
2014-12-20,2.801640405373642,11.489254001414764,3.7225765519594645,2.498953278985345
2014-12-21,3.0681730079642473,15.695402990636756,3.7092086564517963,2.3691850138910513
2014-12-22,5.503497508069426,10.799225705114432,3.5111037119269626,2.206625823997071
2014-12-23,2.2509490166667643,9.68670045212801,3.292296259853956,2.737278042693623
2014-12-24,1.6865187783325712,14.16179007711579,4.30527264216478,3.3033028586092366
2014-12-25,3.635950791697804,15.023269218259621,4.2175141171260115,2.9242532578565004
2014-12-26,3.0668798319597834,16.97255756058198,3.732774024188923,2.668370681979291
2014-12-27,3.427725529767512,12.000788159504857,4.129530944056322,3.005763165459841
2014-12-28,2.3250319493831757,9.826322787543948,4.55276187025464,2.99691755490004
2014-12-29,1.4046241102944386,14.098858795523597,3.696839899300887,2.318730329599319
2014-12-30,0.9889793085099917,13.410246289995836,4.32301294326449,3.3019072631404414
2014-12-31,6.11693176800178,7.646976461687499,3.6302113658374897,2.9263790585468454
